id,name,gender,club,teamLabel,competition,jerseyNumber,nationality,positionStatus,positionSource,positionSourceUrl
hk-nl-f-amsterdam-alessia-norbiato,Alessia Norbiato,female,Amsterdam,Dames 1,Tulp Hoofdklasse Hockey Dames,7,IT,unknown,,
hk-nl-f-amsterdam-renske-balemans,Renske Balemans,female,Amsterdam,Dames 1,Tulp Hoofdklasse Hockey Dames,8,NL,unknown,,
hk-nl-f-amsterdam-trijntje-beljaars,Trijntje Beljaars,female,Amsterdam,Dames 1,Tulp Hoofdklasse Hockey Dames,9,NL,unknown,,
hk-nl-f-amsterdam-felice-albers,Felice Albers,female,Amsterdam,Dames 1,Tulp Hoofdklasse Hockey Dames,10,NL,unknown,,
hk-nl-f-amsterdam-fay-van-der-elst,Fay van der Elst,female,Amsterdam,Dames 1,Tulp Hoofdklasse Hockey Dames,12,NL,unknown,,
hk-nl-f-amsterdam-noa-muller,Noa Muller,female,Amsterdam,Dames 1,Tulp Hoofdklasse Hockey Dames,14,NL,unknown,,
hk-nl-f-amsterdam-li-hong,Li Hong,female,Amsterdam,Dames 1,Tulp Hoofdklasse Hockey Dames,15,CN,unknown,,
hk-nl-f-amsterdam-freeke-moes,Freeke Moes,female,Amsterdam,Dames 1,Tulp Hoofdklasse Hockey Dames,18,NL,unknown,,
hk-nl-f-amsterdam-reese-d-ariano,Reese d' Ariano,female,Amsterdam,Dames 1,Tulp Hoofdklasse Hockey Dames,20,NL,unknown,,
hk-nl-f-amsterdam-ivy-tellier,Ivy Tellier,female,Amsterdam,Dames 1,Tulp Hoofdklasse Hockey Dames,21,NL,unknown,,
hk-nl-f-amsterdam-stella-van-gils,Stella van Gils,female,Amsterdam,Dames 1,Tulp Hoofdklasse Hockey Dames,22,NL,unknown,,
hk-nl-f-amsterdam-charlotte-adegeest,Charlotte Adegeest,female,Amsterdam,Dames 1,Tulp Hoofdklasse Hockey Dames,23,NL,unknown,,
hk-nl-f-amsterdam-sarah-smit-sibinga,Sarah Smit Sibinga,female,Amsterdam,Dames 1,Tulp Hoofdklasse Hockey Dames,24,NL,unknown,,
hk-nl-f-den-bosch-josephine-bekkers,Josephine Bekkers,female,Den Bosch,Dames 1,Tulp Hoofdklasse Hockey Dames,2,NL,unknown,,
hk-nl-f-den-bosch-rosa-fernig,Rosa Fernig,female,Den Bosch,Dames 1,Tulp Hoofdklasse Hockey Dames,3,NL,unknown,,
hk-nl-f-den-bosch-anouk-brouwer,Anouk Brouwer,female,Den Bosch,Dames 1,Tulp Hoofdklasse Hockey Dames,4,NL,unknown,,
hk-nl-f-den-bosch-charlotte-englebert,Charlotte Englebert,female,Den Bosch,Dames 1,Tulp Hoofdklasse Hockey Dames,6,BE,unknown,,
hk-nl-f-den-bosch-danique-van-der-veerdonk,Danique van der Veerdonk,female,Den Bosch,Dames 1,Tulp Hoofdklasse Hockey Dames,7,NL,unknown,,
hk-nl-f-den-bosch-teuntje-de-wit,Teuntje de Wit,female,Den Bosch,Dames 1,Tulp Hoofdklasse Hockey Dames,8,NL,unknown,,
hk-nl-f-den-bosch-janneke-van-de-venne,Janneke van de Venne,female,Den Bosch,Dames 1,Tulp Hoofdklasse Hockey Dames,9,NL,unknown,,
hk-nl-f-den-bosch-kim-peters,Kim Peters,female,Den Bosch,Dames 1,Tulp Hoofdklasse Hockey Dames,10,NL,unknown,,
hk-nl-f-den-bosch-pien-sanders,Pien Sanders,female,Den Bosch,Dames 1,Tulp Hoofdklasse Hockey Dames,11,NL,unknown,,
hk-nl-f-den-bosch-babs-reijnen,Babs Reijnen,female,Den Bosch,Dames 1,Tulp Hoofdklasse Hockey Dames,13,NL,unknown,,
hk-nl-f-den-bosch-sanne-koolen,Sanne Koolen,female,Den Bosch,Dames 1,Tulp Hoofdklasse Hockey Dames,14,NL,unknown,,
hk-nl-f-den-bosch-joosje-burg,Joosje Burg,female,Den Bosch,Dames 1,Tulp Hoofdklasse Hockey Dames,16,NL,unknown,,
hk-nl-f-den-bosch-romee-joosten,Romee Joosten,female,Den Bosch,Dames 1,Tulp Hoofdklasse Hockey Dames,18,NL,unknown,,
hk-nl-f-den-bosch-emma-reijnen,Emma Reijnen,female,Den Bosch,Dames 1,Tulp Hoofdklasse Hockey Dames,19,NL,unknown,,
hk-nl-f-den-bosch-laura-nunnink,Laura Nunnink,female,Den Bosch,Dames 1,Tulp Hoofdklasse Hockey Dames,20,NL,unknown,,
hk-nl-f-den-bosch-imme-van-der-hoek,Imme van der Hoek,female,Den Bosch,Dames 1,Tulp Hoofdklasse Hockey Dames,21,NL,unknown,,
hk-nl-f-den-bosch-maartje-krekelaar,Maartje Krekelaar,female,Den Bosch,Dames 1,Tulp Hoofdklasse Hockey Dames,22,NL,unknown,,
hk-nl-f-den-bosch-elke-boers,Elke Boers,female,Den Bosch,Dames 1,Tulp Hoofdklasse Hockey Dames,24,NL,unknown,,
hk-nl-f-hdm-kaat-walhof,Kaat Walhof,female,HDM,Dames 1,Tulp Hoofdklasse Hockey Dames,2,NL,unknown,,
hk-nl-f-hdm-julia-duffhuis,Julia Duffhuis,female,HDM,Dames 1,Tulp Hoofdklasse Hockey Dames,3,NL,unknown,,
hk-nl-f-hdm-claudia-negrete-garcia,Claudia Negrete Garcia,female,HDM,Dames 1,Tulp Hoofdklasse Hockey Dames,4,ES,unknown,,
hk-nl-f-hdm-tessa-clasener,Tessa Clasener,female,HDM,Dames 1,Tulp Hoofdklasse Hockey Dames,5,NL,unknown,,
hk-nl-f-hdm-hester-van-der-veld,Hester van der Veld,female,HDM,Dames 1,Tulp Hoofdklasse Hockey Dames,6,NL,unknown,,
hk-nl-f-hdm-anke-sanders,Anke Sanders,female,HDM,Dames 1,Tulp Hoofdklasse Hockey Dames,8,NL,unknown,,
hk-nl-f-hdm-juliette-hijdra,Juliette Hijdra,female,HDM,Dames 1,Tulp Hoofdklasse Hockey Dames,9,NL,unknown,,
hk-nl-f-hdm-belen-van-den-broek,Belén van den Broek,female,HDM,Dames 1,Tulp Hoofdklasse Hockey Dames,10,ES,unknown,,
hk-nl-f-hdm-lotte-beetsma,Lotte Beetsma,female,HDM,Dames 1,Tulp Hoofdklasse Hockey Dames,11,NL,unknown,,
hk-nl-f-hdm-frederique-dekker,Frederique Dekker,female,HDM,Dames 1,Tulp Hoofdklasse Hockey Dames,12,NL,unknown,,
hk-nl-f-hdm-sabine-van-den-eijnden,Sabine van den Eijnden,female,HDM,Dames 1,Tulp Hoofdklasse Hockey Dames,14,NL,unknown,,
hk-nl-f-hdm-phileine-van-den-bosch,Phileine van den Bosch,female,HDM,Dames 1,Tulp Hoofdklasse Hockey Dames,15,NL,unknown,,
hk-nl-f-hdm-milou-klein,Milou Klein,female,HDM,Dames 1,Tulp Hoofdklasse Hockey Dames,16,NL,unknown,,
hk-nl-f-hdm-delany-van-den-broek,Delany van den Broek,female,HDM,Dames 1,Tulp Hoofdklasse Hockey Dames,17,NL,unknown,,
hk-nl-f-hdm-isa-van-spronsen,Isa van Spronsen,female,HDM,Dames 1,Tulp Hoofdklasse Hockey Dames,18,NL,unknown,,
hk-nl-f-hdm-eva-van-t-hoog,Eva van 't Hoog,female,HDM,Dames 1,Tulp Hoofdklasse Hockey Dames,19,NL,unknown,,
hk-nl-f-hdm-dirkie-chamberlain,Dirkie Chamberlain,female,HDM,Dames 1,Tulp Hoofdklasse Hockey Dames,20,ZA,unknown,,
hk-nl-f-hdm-pien-van-nes,Pien van Nes,female,HDM,Dames 1,Tulp Hoofdklasse Hockey Dames,22,NL,unknown,,
hk-nl-f-hdm-florien-vorderman,Florien Vorderman,female,HDM,Dames 1,Tulp Hoofdklasse Hockey Dames,23,NL,unknown,,
hk-nl-f-hdm-pien-van-der-heide,Pien van der Heide,female,HDM,Dames 1,Tulp Hoofdklasse Hockey Dames,24,NL,unknown,,
hk-nl-f-hgc-amy-van-den-bosch,Amy van den Bosch,female,HGC,Dames 1,Tulp Hoofdklasse Hockey Dames,2,NL,unknown,,
hk-nl-f-hgc-faye-muijderman,Faye Muijderman,female,HGC,Dames 1,Tulp Hoofdklasse Hockey Dames,3,NL,unknown,,
hk-nl-f-hgc-valentina-raposo-ruiz-de-los-llanos,Valentina Raposo Ruiz De Los Llanos,female,HGC,Dames 1,Tulp Hoofdklasse Hockey Dames,4,AR,unknown,,
hk-nl-f-hgc-louisa-hopman,Louisa Hopman,female,HGC,Dames 1,Tulp Hoofdklasse Hockey Dames,5,NL,unknown,,
hk-nl-f-hgc-lisa-lejeune,Lisa Lejeune,female,HGC,Dames 1,Tulp Hoofdklasse Hockey Dames,6,NL,unknown,,
hk-nl-f-hgc-valentine-hulsbergen,Valentine Hulsbergen,female,HGC,Dames 1,Tulp Hoofdklasse Hockey Dames,7,NL,unknown,,
hk-nl-f-hgc-isis-van-loon,Isis van Loon,female,HGC,Dames 1,Tulp Hoofdklasse Hockey Dames,8,NL,unknown,,
hk-nl-f-hgc-mariona-serrahima,Mariona Serrahima,female,HGC,Dames 1,Tulp Hoofdklasse Hockey Dames,9,ES,unknown,,
hk-nl-f-hgc-zoe-admiraal,Zoë Admiraal,female,HGC,Dames 1,Tulp Hoofdklasse Hockey Dames,10,NL,unknown,,
hk-nl-f-hgc-julie-pieper,Julie Pieper,female,HGC,Dames 1,Tulp Hoofdklasse Hockey Dames,11,NL,unknown,,
hk-nl-f-hgc-bente-kolmus,Bente Kolmus,female,HGC,Dames 1,Tulp Hoofdklasse Hockey Dames,12,NL,unknown,,
hk-nl-f-hgc-jip-blaas,Jip Blaas,female,HGC,Dames 1,Tulp Hoofdklasse Hockey Dames,14,NL,unknown,,
hk-nl-f-hgc-julie-sytsema,Julie Sytsema,female,HGC,Dames 1,Tulp Hoofdklasse Hockey Dames,16,NL,unknown,,
hk-nl-f-hgc-marta-segu-rueda,Marta Segú Rueda,female,HGC,Dames 1,Tulp Hoofdklasse Hockey Dames,17,ES,unknown,,
hk-nl-f-hgc-ellie-vinh,Ellie Vinh,female,HGC,Dames 1,Tulp Hoofdklasse Hockey Dames,18,NL,unknown,,
hk-nl-f-hgc-anna-serrahima,Anna Serrahima,female,HGC,Dames 1,Tulp Hoofdklasse Hockey Dames,19,ES,unknown,,
hk-nl-f-hgc-lilly-stoffelsma,Lilly Stoffelsma,female,HGC,Dames 1,Tulp Hoofdklasse Hockey Dames,22,NL,unknown,,
hk-nl-f-hgc-tessel-huibregtsen,Tessel Huibregtsen,female,HGC,Dames 1,Tulp Hoofdklasse Hockey Dames,23,NL,unknown,,
hk-nl-f-hgc-mikki-roolaart,Mikki Roolaart,female,HGC,Dames 1,Tulp Hoofdklasse Hockey Dames,24,NL,unknown,,
hk-nl-f-hgc-cecile-pieper,Cécile Pieper,female,HGC,Dames 1,Tulp Hoofdklasse Hockey Dames,29,DE,unknown,,
hk-nl-f-hurley-fiona-morgenstern,Fiona Morgenstern,female,Hurley,Dames 1,Tulp Hoofdklasse Hockey Dames,2,DE,unknown,,
hk-nl-f-hurley-nora-bruinsma,Nora Bruinsma,female,Hurley,Dames 1,Tulp Hoofdklasse Hockey Dames,3,NL,unknown,,
hk-nl-f-hurley-eliza-vermeulen,Eliza Vermeulen,female,Hurley,Dames 1,Tulp Hoofdklasse Hockey Dames,4,NL,unknown,,
hk-nl-f-hurley-romee-corver,Romée Corver,female,Hurley,Dames 1,Tulp Hoofdklasse Hockey Dames,5,NL,unknown,,
hk-nl-f-hurley-chrisje-van-der-salm,Chrisje van der Salm,female,Hurley,Dames 1,Tulp Hoofdklasse Hockey Dames,6,NL,unknown,,
hk-nl-f-hurley-michelle-van-der-drift,Michelle van der Drift,female,Hurley,Dames 1,Tulp Hoofdklasse Hockey Dames,7,NL,unknown,,
hk-nl-f-hurley-philine-vinkesteijn,Philine Vinkesteijn,female,Hurley,Dames 1,Tulp Hoofdklasse Hockey Dames,8,NL,unknown,,
hk-nl-f-hurley-olivia-huisman,Olivia Huisman,female,Hurley,Dames 1,Tulp Hoofdklasse Hockey Dames,9,NL,unknown,,
hk-nl-f-hurley-teuntje-horn,Teuntje Horn,female,Hurley,Dames 1,Tulp Hoofdklasse Hockey Dames,10,NL,unknown,,
hk-nl-f-hurley-fleur-loomans,Fleur Loomans,female,Hurley,Dames 1,Tulp Hoofdklasse Hockey Dames,11,NL,unknown,,
hk-nl-f-hurley-dymph-luttge,Dymph Luttge,female,Hurley,Dames 1,Tulp Hoofdklasse Hockey Dames,12,NL,unknown,,
hk-nl-f-hurley-sophie-schelfhout,Sophie Schelfhout,female,Hurley,Dames 1,Tulp Hoofdklasse Hockey Dames,13,NL,unknown,,
hk-nl-f-hurley-annelotte-nijhuis,Annelotte Nijhuis,female,Hurley,Dames 1,Tulp Hoofdklasse Hockey Dames,14,NL,unknown,,
hk-nl-f-hurley-floor-van-den-dungen,Floor van den Dungen,female,Hurley,Dames 1,Tulp Hoofdklasse Hockey Dames,21,NL,unknown,,
hk-nl-f-hurley-margot-van-hecking-colenbrander,Margot van Hecking Colenbrander,female,Hurley,Dames 1,Tulp Hoofdklasse Hockey Dames,22,NL,unknown,,
hk-nl-f-hurley-taheera-augousti,Taheera Augousti,female,Hurley,Dames 1,Tulp Hoofdklasse Hockey Dames,23,ZA,unknown,,
hk-nl-f-hurley-floor-van-gorkum,Floor van Gorkum,female,Hurley,Dames 1,Tulp Hoofdklasse Hockey Dames,24,NL,unknown,,
hk-nl-f-hurley-ginella-zerbo,Ginella Zerbo,female,Hurley,Dames 1,Tulp Hoofdklasse Hockey Dames,27,NL,unknown,,
hk-nl-f-hurley-julia-van-den-heuvel,Julia van den Heuvel,female,Hurley,Dames 1,Tulp Hoofdklasse Hockey Dames,28,NL,unknown,,
hk-nl-f-hurley-sanne-caarls,Sanne Caarls,female,Hurley,Dames 1,Tulp Hoofdklasse Hockey Dames,30,NL,unknown,,
hk-nl-f-kampong-veere-ter-horst,Veere ter Horst,female,Kampong,Dames 1,Tulp Hoofdklasse Hockey Dames,2,NL,unknown,,
hk-nl-f-kampong-guusje-moes,Guusje Moes,female,Kampong,Dames 1,Tulp Hoofdklasse Hockey Dames,3,NL,unknown,,
hk-nl-f-kampong-bente-van-der-veldt,Bente van der Veldt,female,Kampong,Dames 1,Tulp Hoofdklasse Hockey Dames,4,NL,unknown,,
hk-nl-f-kampong-julie-roovers,Julie Roovers,female,Kampong,Dames 1,Tulp Hoofdklasse Hockey Dames,5,NL,unknown,,
hk-nl-f-kampong-kyra-fortuin,Kyra Fortuin,female,Kampong,Dames 1,Tulp Hoofdklasse Hockey Dames,7,NL,unknown,,
hk-nl-f-kampong-noor-van-den-nieuwenhof,Noor van den Nieuwenhof,female,Kampong,Dames 1,Tulp Hoofdklasse Hockey Dames,8,NL,unknown,,
hk-nl-f-kampong-eline-jansen,Eline Jansen,female,Kampong,Dames 1,Tulp Hoofdklasse Hockey Dames,9,NL,unknown,,
hk-nl-f-kampong-luna-fokke,Luna Fokke,female,Kampong,Dames 1,Tulp Hoofdklasse Hockey Dames,10,NL,unknown,,
hk-nl-f-kampong-carlijn-tukkers,Carlijn Tukkers,female,Kampong,Dames 1,Tulp Hoofdklasse Hockey Dames,11,NL,unknown,,
hk-nl-f-kampong-iris-de-kemp,Iris de Kemp,female,Kampong,Dames 1,Tulp Hoofdklasse Hockey Dames,14,NL,unknown,,
hk-nl-f-kampong-fleur-wolfert,Fleur Wolfert,female,Kampong,Dames 1,Tulp Hoofdklasse Hockey Dames,15,NL,unknown,,
hk-nl-f-kampong-sosha-benninga,Sosha Benninga,female,Kampong,Dames 1,Tulp Hoofdklasse Hockey Dames,16,NL,unknown,,
hk-nl-f-kampong-maria-de-vries,Maria de Vries,female,Kampong,Dames 1,Tulp Hoofdklasse Hockey Dames,19,NL,unknown,,
hk-nl-f-kampong-imme-van-es,Imme Van es,female,Kampong,Dames 1,Tulp Hoofdklasse Hockey Dames,20,NL,unknown,,
hk-nl-f-kampong-charlotte-hoctin-boes,Charlotte Hoctin Boes,female,Kampong,Dames 1,Tulp Hoofdklasse Hockey Dames,21,FR,unknown,,
hk-nl-f-kampong-sophie-van-grimbergen,Sophie van Grimbergen,female,Kampong,Dames 1,Tulp Hoofdklasse Hockey Dames,23,NL,unknown,,
hk-nl-f-kampong-sofie-stomps,Sofie Stomps,female,Kampong,Dames 1,Tulp Hoofdklasse Hockey Dames,24,NL,unknown,,
hk-nl-f-oranje-rood-amber-brouwer,Amber Brouwer,female,Oranje-Rood,Dames 1,Tulp Hoofdklasse Hockey Dames,4,NL,unknown,,
hk-nl-f-oranje-rood-juul-van-der-velden,Juul van der Velden,female,Oranje-Rood,Dames 1,Tulp Hoofdklasse Hockey Dames,5,NL,unknown,,
hk-nl-f-oranje-rood-loeki-treffers,Loeki Treffers,female,Oranje-Rood,Dames 1,Tulp Hoofdklasse Hockey Dames,6,NL,unknown,,
hk-nl-f-oranje-rood-bibi-donraadt,Bibi Donraadt,female,Oranje-Rood,Dames 1,Tulp Hoofdklasse Hockey Dames,7,NL,unknown,,
hk-nl-f-oranje-rood-vivienne-peters,Vivienne Peters,female,Oranje-Rood,Dames 1,Tulp Hoofdklasse Hockey Dames,8,NL,unknown,,
hk-nl-f-oranje-rood-pheline-vos,Pheline Vos,female,Oranje-Rood,Dames 1,Tulp Hoofdklasse Hockey Dames,9,NL,unknown,,
hk-nl-f-oranje-rood-lynn-vasterink,Lynn Vasterink,female,Oranje-Rood,Dames 1,Tulp Hoofdklasse Hockey Dames,10,NL,unknown,,
hk-nl-f-oranje-rood-babs-van-hest,Babs van Hest,female,Oranje-Rood,Dames 1,Tulp Hoofdklasse Hockey Dames,11,NL,unknown,,
hk-nl-f-oranje-rood-charlotte-schrijvers,Charlotte Schrijvers,female,Oranje-Rood,Dames 1,Tulp Hoofdklasse Hockey Dames,12,NL,unknown,,
hk-nl-f-oranje-rood-merel-voermans,Merel Voermans,female,Oranje-Rood,Dames 1,Tulp Hoofdklasse Hockey Dames,13,NL,unknown,,
hk-nl-f-oranje-rood-margje-van-der-loo,Margje van der Loo,female,Oranje-Rood,Dames 1,Tulp Hoofdklasse Hockey Dames,14,NL,unknown,,
hk-nl-f-oranje-rood-julianna-tornetta,Julianna Tornetta,female,Oranje-Rood,Dames 1,Tulp Hoofdklasse Hockey Dames,15,US,unknown,,
hk-nl-f-oranje-rood-lara-raaijmakers,Lara Raaijmakers,female,Oranje-Rood,Dames 1,Tulp Hoofdklasse Hockey Dames,16,NL,unknown,,
hk-nl-f-oranje-rood-pieke-van-de-pas,Pieke van de Pas,female,Oranje-Rood,Dames 1,Tulp Hoofdklasse Hockey Dames,18,NL,unknown,,
hk-nl-f-oranje-rood-brechje-scheepers,Brechje Scheepers,female,Oranje-Rood,Dames 1,Tulp Hoofdklasse Hockey Dames,19,NL,unknown,,
hk-nl-f-oranje-rood-jolien-bogers,Jolien Bogers,female,Oranje-Rood,Dames 1,Tulp Hoofdklasse Hockey Dames,20,NL,unknown,,
hk-nl-f-oranje-rood-sara-puglisi,Sara Puglisi,female,Oranje-Rood,Dames 1,Tulp Hoofdklasse Hockey Dames,21,IT,unknown,,
hk-nl-f-oranje-rood-madelief-de-beer,Madelief de Beer,female,Oranje-Rood,Dames 1,Tulp Hoofdklasse Hockey Dames,22,NL,unknown,,
hk-nl-f-oranje-rood-lisa-scheerlinck,Lisa Scheerlinck,female,Oranje-Rood,Dames 1,Tulp Hoofdklasse Hockey Dames,23,BE,unknown,,
hk-nl-f-oranje-rood-thirsa-kho,Thirsa Kho,female,Oranje-Rood,Dames 1,Tulp Hoofdklasse Hockey Dames,24,NL,unknown,,
hk-nl-f-pinoke-juul-sauer,Juul Sauer,female,Pinoké,Dames 1,Tulp Hoofdklasse Hockey Dames,2,NL,unknown,,
hk-nl-f-pinoke-anouk-slotema,Anouk Slotema,female,Pinoké,Dames 1,Tulp Hoofdklasse Hockey Dames,3,NL,unknown,,
hk-nl-f-pinoke-sam-luttmer,Sam Luttmer,female,Pinoké,Dames 1,Tulp Hoofdklasse Hockey Dames,5,NL,unknown,,
hk-nl-f-pinoke-pam-van-der-laan,Pam van der Laan,female,Pinoké,Dames 1,Tulp Hoofdklasse Hockey Dames,6,NL,unknown,,
hk-nl-f-pinoke-maria-steensma,Maria Steensma,female,Pinoké,Dames 1,Tulp Hoofdklasse Hockey Dames,7,NL,unknown,,
hk-nl-f-pinoke-bente-jager,Bente Jager,female,Pinoké,Dames 1,Tulp Hoofdklasse Hockey Dames,8,NL,unknown,,
hk-nl-f-pinoke-anouk-stam,Anouk Stam,female,Pinoké,Dames 1,Tulp Hoofdklasse Hockey Dames,9,NL,unknown,,
hk-nl-f-pinoke-kiki-rozemeijer,Kiki Rozemeijer,female,Pinoké,Dames 1,Tulp Hoofdklasse Hockey Dames,10,NL,unknown,,
hk-nl-f-pinoke-florine-rodenburg,Florine Rodenburg,female,Pinoké,Dames 1,Tulp Hoofdklasse Hockey Dames,11,NL,unknown,,
hk-nl-f-pinoke-elin-van-erk,Elin van Erk,female,Pinoké,Dames 1,Tulp Hoofdklasse Hockey Dames,12,NL,unknown,,
hk-nl-f-pinoke-lana-kalse,Lana Kalse,female,Pinoké,Dames 1,Tulp Hoofdklasse Hockey Dames,14,NL,unknown,,
hk-nl-f-pinoke-josephine-murray,Josephine Murray,female,Pinoké,Dames 1,Tulp Hoofdklasse Hockey Dames,15,IE,unknown,,
hk-nl-f-pinoke-meeuw-tulp,Meeuw Tulp,female,Pinoké,Dames 1,Tulp Hoofdklasse Hockey Dames,16,NL,unknown,,
hk-nl-f-pinoke-nina-van-der-marel,Nina van der Marel,female,Pinoké,Dames 1,Tulp Hoofdklasse Hockey Dames,17,NL,unknown,,
hk-nl-f-pinoke-amber-ezechiels,Amber Ezechiels,female,Pinoké,Dames 1,Tulp Hoofdklasse Hockey Dames,19,NL,unknown,,
hk-nl-f-pinoke-flo-klinkhamer,Flo Klinkhamer,female,Pinoké,Dames 1,Tulp Hoofdklasse Hockey Dames,20,NL,unknown,,
hk-nl-f-pinoke-tessa-beetsma,Tessa Beetsma,female,Pinoké,Dames 1,Tulp Hoofdklasse Hockey Dames,21,NL,unknown,,
hk-nl-f-pinoke-eliana-boekhoven,Eliana Boekhoven,female,Pinoké,Dames 1,Tulp Hoofdklasse Hockey Dames,22,NL,unknown,,
hk-nl-f-pinoke-marloes-timmermans,Marloes Timmermans,female,Pinoké,Dames 1,Tulp Hoofdklasse Hockey Dames,23,NL,unknown,,
hk-nl-f-rotterdam-mascha-sterk,Mascha Sterk,female,Rotterdam,Dames 1,Tulp Hoofdklasse Hockey Dames,22,NL,unknown,,
hk-nl-f-schc-naomi-brunsveld,Naomi Brunsveld,female,SCHC,Dames 1,Tulp Hoofdklasse Hockey Dames,4,NL,unknown,,
hk-nl-f-schc-elzemiek-zandee,Elzemiek Zandee,female,SCHC,Dames 1,Tulp Hoofdklasse Hockey Dames,6,NL,unknown,,
hk-nl-f-schc-xan-de-waard,Xan de Waard,female,SCHC,Dames 1,Tulp Hoofdklasse Hockey Dames,7,NL,unknown,,
hk-nl-f-schc-renee-van-laarhoven,Renee van Laarhoven,female,SCHC,Dames 1,Tulp Hoofdklasse Hockey Dames,9,NL,unknown,,
hk-nl-f-schc-mette-winter,Mette Winter,female,SCHC,Dames 1,Tulp Hoofdklasse Hockey Dames,10,NL,unknown,,
hk-nl-f-schc-maud-van-den-heuvel,Maud van den Heuvel,female,SCHC,Dames 1,Tulp Hoofdklasse Hockey Dames,11,NL,unknown,,
hk-nl-f-schc-noa-boterman,Noa Boterman,female,SCHC,Dames 1,Tulp Hoofdklasse Hockey Dames,12,NL,unknown,,
hk-nl-f-schc-famke-richardson,Famke Richardson,female,SCHC,Dames 1,Tulp Hoofdklasse Hockey Dames,14,NL,unknown,,
hk-nl-f-schc-isa-van-heerde,Isa van Heerde,female,SCHC,Dames 1,Tulp Hoofdklasse Hockey Dames,15,NL,unknown,,
hk-nl-f-schc-nanieck-mengelberg,Nanieck Mengelberg,female,SCHC,Dames 1,Tulp Hoofdklasse Hockey Dames,19,NL,unknown,,
hk-nl-f-schc-pien-dicke,Pien Dicke,female,SCHC,Dames 1,Tulp Hoofdklasse Hockey Dames,21,NL,unknown,,
hk-nl-f-schc-mariette-boot,Mariette Boot,female,SCHC,Dames 1,Tulp Hoofdklasse Hockey Dames,22,NL,unknown,,
hk-nl-f-schc-anna-de-geus,Anna de Geus,female,SCHC,Dames 1,Tulp Hoofdklasse Hockey Dames,24,NL,unknown,,
hk-nl-f-schc-floortje-middelbos,Floortje Middelbos,female,SCHC,Dames 1,Tulp Hoofdklasse Hockey Dames,31,NL,unknown,,
hk-nl-f-tilburg-carolin-hoffmann,Carolin Hoffmann,female,Tilburg,Dames 1,Tulp Hoofdklasse Hockey Dames,2,DE,unknown,,
hk-nl-f-tilburg-hannah-salden,Hannah Salden,female,Tilburg,Dames 1,Tulp Hoofdklasse Hockey Dames,3,NL,unknown,,
hk-nl-f-tilburg-lieke-van-otten,Lieke Van otten,female,Tilburg,Dames 1,Tulp Hoofdklasse Hockey Dames,4,NL,unknown,,
hk-nl-f-tilburg-roos-ezendam,Roos Ezendam,female,Tilburg,Dames 1,Tulp Hoofdklasse Hockey Dames,5,NL,unknown,,
hk-nl-f-tilburg-lotte-de-heer,Lotte de Heer,female,Tilburg,Dames 1,Tulp Hoofdklasse Hockey Dames,7,NL,unknown,,
hk-nl-f-tilburg-emmely-bekker,Emmely Bekker,female,Tilburg,Dames 1,Tulp Hoofdklasse Hockey Dames,8,NL,unknown,,
hk-nl-f-tilburg-iris-dominicus,Iris Dominicus,female,Tilburg,Dames 1,Tulp Hoofdklasse Hockey Dames,9,NL,unknown,,
hk-nl-f-tilburg-carmen-victoria,Carmen Victoria,female,Tilburg,Dames 1,Tulp Hoofdklasse Hockey Dames,10,ES,unknown,,
hk-nl-f-tilburg-pleun-wester,Pleun Wester,female,Tilburg,Dames 1,Tulp Hoofdklasse Hockey Dames,11,NL,unknown,,
hk-nl-f-tilburg-eef-hoyinck,Eef Hoyinck,female,Tilburg,Dames 1,Tulp Hoofdklasse Hockey Dames,12,NL,unknown,,
hk-nl-f-tilburg-merlijn-roodenburg,Merlijn Roodenburg,female,Tilburg,Dames 1,Tulp Hoofdklasse Hockey Dames,13,NL,unknown,,
hk-nl-f-tilburg-floor-de-bruin,Floor de Bruin,female,Tilburg,Dames 1,Tulp Hoofdklasse Hockey Dames,14,NL,unknown,,
hk-nl-f-tilburg-mijs-berkhemer,Mijs Berkhemer,female,Tilburg,Dames 1,Tulp Hoofdklasse Hockey Dames,15,NL,unknown,,
hk-nl-f-tilburg-precious-oud,Precious Oud,female,Tilburg,Dames 1,Tulp Hoofdklasse Hockey Dames,16,ZA,unknown,,
hk-nl-f-tilburg-daphne-nikkels,Daphne Nikkels,female,Tilburg,Dames 1,Tulp Hoofdklasse Hockey Dames,17,NL,unknown,,
hk-nl-f-tilburg-merel-tukkers,Merel Tukkers,female,Tilburg,Dames 1,Tulp Hoofdklasse Hockey Dames,18,NL,unknown,,
hk-nl-f-tilburg-lieke-leeggangers,Lieke Leeggangers,female,Tilburg,Dames 1,Tulp Hoofdklasse Hockey Dames,19,NL,unknown,,
hk-nl-f-tilburg-sophie-van-de-velde,Sophie van de Velde,female,Tilburg,Dames 1,Tulp Hoofdklasse Hockey Dames,20,NL,unknown,,
hk-nl-f-tilburg-sanne-koks,Sanne Koks,female,Tilburg,Dames 1,Tulp Hoofdklasse Hockey Dames,21,NL,unknown,,
hk-nl-f-tilburg-mikki-roberts,Mikki Roberts,female,Tilburg,Dames 1,Tulp Hoofdklasse Hockey Dames,22,GB,unknown,,
hk-nl-m-amsterdam-musthapha-cassiem,Musthapha Cassiem,male,Amsterdam,Heren 1,Tulp Hoofdklasse Hockey Heren,2,ZA,unknown,,
hk-nl-m-amsterdam-tjeerd-boermans,Tjeerd Boermans,male,Amsterdam,Heren 1,Tulp Hoofdklasse Hockey Heren,4,NL,unknown,,
hk-nl-m-amsterdam-luke-dommershuijzen,Luke Dommershuijzen,male,Amsterdam,Heren 1,Tulp Hoofdklasse Hockey Heren,5,NL,unknown,,
hk-nl-m-amsterdam-lucas-middendorp,Lucas Middendorp,male,Amsterdam,Heren 1,Tulp Hoofdklasse Hockey Heren,6,NL,unknown,,
hk-nl-m-amsterdam-floris-middendorp,Floris Middendorp,male,Amsterdam,Heren 1,Tulp Hoofdklasse Hockey Heren,7,NL,unknown,,
hk-nl-m-amsterdam-sam-steins-bisschop,Sam Steins Bisschop,male,Amsterdam,Heren 1,Tulp Hoofdklasse Hockey Heren,8,NL,unknown,,
hk-nl-m-amsterdam-karst-timmer,Karst Timmer,male,Amsterdam,Heren 1,Tulp Hoofdklasse Hockey Heren,9,NL,unknown,,
hk-nl-m-amsterdam-casper-berkman,Casper Berkman,male,Amsterdam,Heren 1,Tulp Hoofdklasse Hockey Heren,13,NL,unknown,,
hk-nl-m-amsterdam-robbert-kemperman,Robbert Kemperman,male,Amsterdam,Heren 1,Tulp Hoofdklasse Hockey Heren,14,NL,unknown,,
hk-nl-m-amsterdam-brent-van-bijnen,Brent van Bijnen,male,Amsterdam,Heren 1,Tulp Hoofdklasse Hockey Heren,17,NL,unknown,,
hk-nl-m-amsterdam-thije-harm,Thije Harm,male,Amsterdam,Heren 1,Tulp Hoofdklasse Hockey Heren,18,NL,unknown,,
hk-nl-m-amsterdam-joost-tolboom,Joost Tolboom,male,Amsterdam,Heren 1,Tulp Hoofdklasse Hockey Heren,24,NL,unknown,,
hk-nl-m-amsterdam-sam-van-der-weijden,Sam van der Weijden,male,Amsterdam,Heren 1,Tulp Hoofdklasse Hockey Heren,28,NL,unknown,,
hk-nl-m-amsterdam-jochem-blok,Jochem Blok,male,Amsterdam,Heren 1,Tulp Hoofdklasse Hockey Heren,30,NL,unknown,,
hk-nl-m-amsterdam-mirco-pruyser,Mirco Pruyser,male,Amsterdam,Heren 1,Tulp Hoofdklasse Hockey Heren,31,NL,unknown,,
hk-nl-m-amsterdam-david-huussen,David Huussen,male,Amsterdam,Heren 1,Tulp Hoofdklasse Hockey Heren,35,NL,unknown,,
hk-nl-m-bloemendaal-wouter-jolie,Wouter Jolie,male,Bloemendaal,Heren 1,Tulp Hoofdklasse Hockey Heren,20,NL,unknown,,
hk-nl-m-den-bosch-tijn-van-groesen,Tijn van Groesen,male,Den Bosch,Heren 1,Tulp Hoofdklasse Hockey Heren,35,NL,unknown,,
hk-nl-m-hdm-sam-spencer,Sam Spencer,male,HDM,Heren 1,Tulp Hoofdklasse Hockey Heren,3,GB,unknown,,
hk-nl-m-hdm-jelte-kaptein,Jelte Kaptein,male,HDM,Heren 1,Tulp Hoofdklasse Hockey Heren,4,NL,unknown,,
hk-nl-m-hdm-alexander-weterings,Alexander Weterings,male,HDM,Heren 1,Tulp Hoofdklasse Hockey Heren,5,NL,unknown,,
hk-nl-m-hdm-ruben-versteeg,Ruben Versteeg,male,HDM,Heren 1,Tulp Hoofdklasse Hockey Heren,7,NL,unknown,,
hk-nl-m-hdm-jasper-van-der-looy,Jasper van der Looy,male,HDM,Heren 1,Tulp Hoofdklasse Hockey Heren,8,NL,unknown,,
hk-nl-m-hdm-yorben-fontaine,Yorben Fontaine,male,HDM,Heren 1,Tulp Hoofdklasse Hockey Heren,9,BE,unknown,,
hk-nl-m-hdm-merijn-maas,Merijn Maas,male,HDM,Heren 1,Tulp Hoofdklasse Hockey Heren,10,NL,unknown,,
hk-nl-m-hdm-fabian-verzuu,Fabian Verzuu,male,HDM,Heren 1,Tulp Hoofdklasse Hockey Heren,11,NL,unknown,,
hk-nl-m-hdm-duco-nieuwenhuizen-segaar,Duco Nieuwenhuizen Segaar,male,HDM,Heren 1,Tulp Hoofdklasse Hockey Heren,12,NL,unknown,,
hk-nl-m-hdm-tom-provily,Tom Provily,male,HDM,Heren 1,Tulp Hoofdklasse Hockey Heren,16,NL,unknown,,
hk-nl-m-hdm-cedric-de-gier,Cédric de Gier,male,HDM,Heren 1,Tulp Hoofdklasse Hockey Heren,18,NL,unknown,,
hk-nl-m-hdm-rick-van-den-ijssel,Rick van den IJssel,male,HDM,Heren 1,Tulp Hoofdklasse Hockey Heren,19,NL,unknown,,
hk-nl-m-hdm-guus-van-den-boezem,Guus van den Boezem,male,HDM,Heren 1,Tulp Hoofdklasse Hockey Heren,20,NL,unknown,,
hk-nl-m-hdm-chris-taberima,Chris Taberima,male,HDM,Heren 1,Tulp Hoofdklasse Hockey Heren,21,NL,unknown,,
hk-nl-m-hdm-floris-van-der-kroon,Floris van der Kroon,male,HDM,Heren 1,Tulp Hoofdklasse Hockey Heren,22,NL,unknown,,
hk-nl-m-hdm-sander-groenheijde,Sander Groenheijde,male,HDM,Heren 1,Tulp Hoofdklasse Hockey Heren,23,NL,unknown,,
hk-nl-m-hdm-fenn-tellier,Fenn Tellier,male,HDM,Heren 1,Tulp Hoofdklasse Hockey Heren,24,NL,unknown,,
hk-nl-m-hdm-mats-dicke,Mats Dicke,male,HDM,Heren 1,Tulp Hoofdklasse Hockey Heren,25,NL,unknown,,
hk-nl-m-hurley-daan-dekker,Daan Dekker,male,Hurley,Heren 1,Tulp Hoofdklasse Hockey Heren,3,NL,unknown,,
hk-nl-m-hurley-joshua-keaveney,Joshua Keaveney,male,Hurley,Heren 1,Tulp Hoofdklasse Hockey Heren,4,IE,unknown,,
hk-nl-m-hurley-theun-de-leeuw,Theun de Leeuw,male,Hurley,Heren 1,Tulp Hoofdklasse Hockey Heren,6,NL,unknown,,
hk-nl-m-hurley-harry-martin,Harry Martin,male,Hurley,Heren 1,Tulp Hoofdklasse Hockey Heren,7,GB,unknown,,
hk-nl-m-hurley-mees-loman,Mees Loman,male,Hurley,Heren 1,Tulp Hoofdklasse Hockey Heren,8,NL,unknown,,
hk-nl-m-hurley-tieme-wiggers,Tieme Wiggers,male,Hurley,Heren 1,Tulp Hoofdklasse Hockey Heren,9,NL,unknown,,
hk-nl-m-hurley-lex-tump,Lex Tump,male,Hurley,Heren 1,Tulp Hoofdklasse Hockey Heren,10,NL,unknown,,
hk-nl-m-hurley-rutger-plat,Rutger Plat,male,Hurley,Heren 1,Tulp Hoofdklasse Hockey Heren,12,NL,unknown,,
hk-nl-m-hurley-hjalmar-voskuil,Hjalmar Voskuil,male,Hurley,Heren 1,Tulp Hoofdklasse Hockey Heren,14,NL,unknown,,
hk-nl-m-hurley-pim-wasser,Pim Wasser,male,Hurley,Heren 1,Tulp Hoofdklasse Hockey Heren,15,NL,unknown,,
hk-nl-m-hurley-i-an-van-de-scheur,I-An van de Scheur,male,Hurley,Heren 1,Tulp Hoofdklasse Hockey Heren,16,NL,unknown,,
hk-nl-m-hurley-noam-sheridan,Noam Sheridan,male,Hurley,Heren 1,Tulp Hoofdklasse Hockey Heren,17,IE,unknown,,
hk-nl-m-hurley-jake-raben,Jake Raben,male,Hurley,Heren 1,Tulp Hoofdklasse Hockey Heren,18,NL,unknown,,
hk-nl-m-hurley-fred-newbold,Fred Newbold,male,Hurley,Heren 1,Tulp Hoofdklasse Hockey Heren,19,GB,unknown,,
hk-nl-m-hurley-nikas-berendts,Nikas Berendts,male,Hurley,Heren 1,Tulp Hoofdklasse Hockey Heren,20,DE,unknown,,
hk-nl-m-hurley-deegan-huisman,Deegan Huisman,male,Hurley,Heren 1,Tulp Hoofdklasse Hockey Heren,21,NL,unknown,,
hk-nl-m-hurley-grau-albert,Grau Albert,male,Hurley,Heren 1,Tulp Hoofdklasse Hockey Heren,22,ES,unknown,,
hk-nl-m-hurley-laurens-nievelstein,Laurens Nievelstein,male,Hurley,Heren 1,Tulp Hoofdklasse Hockey Heren,24,NL,unknown,,
hk-nl-m-hurley-imko-de-vries,Imko de Vries,male,Hurley,Heren 1,Tulp Hoofdklasse Hockey Heren,25,NL,unknown,,
hk-nl-m-kampong-bram-van-battum,Bram van Battum,male,Kampong,Heren 1,Tulp Hoofdklasse Hockey Heren,2,NL,unknown,,
hk-nl-m-kampong-jens-de-vuijst,Jens de Vuijst,male,Kampong,Heren 1,Tulp Hoofdklasse Hockey Heren,3,NL,unknown,,
hk-nl-m-kampong-jip-janssen,Jip Janssen,male,Kampong,Heren 1,Tulp Hoofdklasse Hockey Heren,4,NL,unknown,,
hk-nl-m-kampong-lars-balk,Lars Balk,male,Kampong,Heren 1,Tulp Hoofdklasse Hockey Heren,6,NL,unknown,,
hk-nl-m-kampong-rik-sprengers,Rik Sprengers,male,Kampong,Heren 1,Tulp Hoofdklasse Hockey Heren,7,NL,unknown,,
hk-nl-m-kampong-jonas-de-geus,Jonas de Geus,male,Kampong,Heren 1,Tulp Hoofdklasse Hockey Heren,8,NL,unknown,,
hk-nl-m-kampong-finn-van-bijnen,Finn van Bijnen,male,Kampong,Heren 1,Tulp Hoofdklasse Hockey Heren,9,NL,unknown,,
hk-nl-m-kampong-silas-lageman,Silas Lageman,male,Kampong,Heren 1,Tulp Hoofdklasse Hockey Heren,10,NL,unknown,,
hk-nl-m-kampong-terrance-pieters,Terrance Pieters,male,Kampong,Heren 1,Tulp Hoofdklasse Hockey Heren,11,NL,unknown,,
hk-nl-m-kampong-sander-de-wijn,Sander de Wijn,male,Kampong,Heren 1,Tulp Hoofdklasse Hockey Heren,12,NL,unknown,,
hk-nl-m-kampong-mats-gruter,Mats Gruter,male,Kampong,Heren 1,Tulp Hoofdklasse Hockey Heren,13,NL,unknown,,
hk-nl-m-kampong-duco-telgenkamp,Duco Telgenkamp,male,Kampong,Heren 1,Tulp Hoofdklasse Hockey Heren,14,NL,unknown,,
hk-nl-m-kampong-hugo-van-beusekom,Hugo van Beusekom,male,Kampong,Heren 1,Tulp Hoofdklasse Hockey Heren,16,NL,unknown,,
hk-nl-m-kampong-kjell-plantenga,Kjell Plantenga,male,Kampong,Heren 1,Tulp Hoofdklasse Hockey Heren,19,NL,unknown,,
hk-nl-m-kampong-sander-van-de-putte,Sander van de Putte,male,Kampong,Heren 1,Tulp Hoofdklasse Hockey Heren,20,NL,unknown,,
hk-nl-m-kampong-caspar-dobbelaar,Caspar Dobbelaar,male,Kampong,Heren 1,Tulp Hoofdklasse Hockey Heren,21,NL,unknown,,
hk-nl-m-kampong-derck-de-vilder,Derck de Vilder,male,Kampong,Heren 1,Tulp Hoofdklasse Hockey Heren,23,NL,unknown,,
hk-nl-m-klein-zwitserland-maurik-smits,Maurik Smits,male,Klein Zwitserland,Heren 1,Tulp Hoofdklasse Hockey Heren,6,NL,unknown,,
hk-nl-m-klein-zwitserland-joaquin-toscani,Joaquin Toscani,male,Klein Zwitserland,Heren 1,Tulp Hoofdklasse Hockey Heren,17,AR,unknown,,
hk-nl-m-laren-kenneth-bain,Kenneth Bain,male,Laren,Heren 1,Tulp Hoofdklasse Hockey Heren,13,GB,unknown,,
hk-nl-m-laren-xavier-van-de-kasteele,Xavier van de Kasteele,male,Laren,Heren 1,Tulp Hoofdklasse Hockey Heren,17,NL,unknown,,
hk-nl-m-oranje-rood-niek-van-der-schoot,Niek van der Schoot,male,Oranje-Rood,Heren 1,Tulp Hoofdklasse Hockey Heren,2,NL,unknown,,
hk-nl-m-oranje-rood-arthur-de-sloover,Arthur de Sloover,male,Oranje-Rood,Heren 1,Tulp Hoofdklasse Hockey Heren,3,BE,unknown,,
hk-nl-m-oranje-rood-boaz-houben,Boaz Houben,male,Oranje-Rood,Heren 1,Tulp Hoofdklasse Hockey Heren,5,NL,unknown,,
hk-nl-m-oranje-rood-max-de-bie,Max de Bie,male,Oranje-Rood,Heren 1,Tulp Hoofdklasse Hockey Heren,7,NL,unknown,,
hk-nl-m-oranje-rood-noud-van-deijck,Noud van Deijck,male,Oranje-Rood,Heren 1,Tulp Hoofdklasse Hockey Heren,8,NL,unknown,,
hk-nl-m-oranje-rood-jelle-galema,Jelle Galema,male,Oranje-Rood,Heren 1,Tulp Hoofdklasse Hockey Heren,9,NL,unknown,,
hk-nl-m-oranje-rood-gerard-clapes,Gerard Clapes,male,Oranje-Rood,Heren 1,Tulp Hoofdklasse Hockey Heren,11,ES,unknown,,
hk-nl-m-oranje-rood-gijs-van-merrienboer,Gijs van Merriënboer,male,Oranje-Rood,Heren 1,Tulp Hoofdklasse Hockey Heren,12,NL,unknown,,
hk-nl-m-oranje-rood-borja-lacalle,Borja LaCalle,male,Oranje-Rood,Heren 1,Tulp Hoofdklasse Hockey Heren,14,ES,unknown,,
hk-nl-m-oranje-rood-isha-houben,Isha Houben,male,Oranje-Rood,Heren 1,Tulp Hoofdklasse Hockey Heren,15,NL,unknown,,
hk-nl-m-oranje-rood-thijs-bams,Thijs Bams,male,Oranje-Rood,Heren 1,Tulp Hoofdklasse Hockey Heren,17,NL,unknown,,
hk-nl-m-oranje-rood-sem-de-roij,Sem de Roij,male,Oranje-Rood,Heren 1,Tulp Hoofdklasse Hockey Heren,18,NL,unknown,,
hk-nl-m-oranje-rood-bob-de-voogd,Bob de Voogd,male,Oranje-Rood,Heren 1,Tulp Hoofdklasse Hockey Heren,19,NL,unknown,,
hk-nl-m-oranje-rood-henrik-mertgens,Henrik Mertgens,male,Oranje-Rood,Heren 1,Tulp Hoofdklasse Hockey Heren,21,DE,unknown,,
hk-nl-m-oranje-rood-jacky-van-hout,Jacky van Hout,male,Oranje-Rood,Heren 1,Tulp Hoofdklasse Hockey Heren,22,NL,unknown,,
hk-nl-m-oranje-rood-joep-de-mol,Joep de Mol,male,Oranje-Rood,Heren 1,Tulp Hoofdklasse Hockey Heren,23,BE,unknown,,
hk-nl-m-oranje-rood-tijmen-reyenga,Tijmen Reyenga,male,Oranje-Rood,Heren 1,Tulp Hoofdklasse Hockey Heren,29,NL,unknown,,
hk-nl-m-pinoke-jannis-van-hattum,Jannis van Hattum,male,Pinoké,Heren 1,Tulp Hoofdklasse Hockey Heren,6,NL,unknown,,
hk-nl-m-pinoke-jacob-draper,Jacob Draper,male,Pinoké,Heren 1,Tulp Hoofdklasse Hockey Heren,7,GB,unknown,,
hk-nl-m-pinoke-florent-van-aubel,Florent van Aubel,male,Pinoké,Heren 1,Tulp Hoofdklasse Hockey Heren,8,BE,unknown,,
hk-nl-m-pinoke-pepijn-van-der-valk,Pepijn van der Valk,male,Pinoké,Heren 1,Tulp Hoofdklasse Hockey Heren,9,NL,unknown,,
hk-nl-m-pinoke-boris-aardenburg,Boris Aardenburg,male,Pinoké,Heren 1,Tulp Hoofdklasse Hockey Heren,10,NL,unknown,,
hk-nl-m-pinoke-daan-bonhof,Daan Bonhof,male,Pinoké,Heren 1,Tulp Hoofdklasse Hockey Heren,12,NL,unknown,,
hk-nl-m-pinoke-texas-bukkens,Texas Bukkens,male,Pinoké,Heren 1,Tulp Hoofdklasse Hockey Heren,14,NL,unknown,,
hk-nl-m-pinoke-jimi-kummer,Jimi Kummer,male,Pinoké,Heren 1,Tulp Hoofdklasse Hockey Heren,15,NL,unknown,,
hk-nl-m-pinoke-indra-aerts,Indra Aerts,male,Pinoké,Heren 1,Tulp Hoofdklasse Hockey Heren,16,NL,unknown,,
hk-nl-m-pinoke-joppe-stappenbelt,Joppe Stappenbelt,male,Pinoké,Heren 1,Tulp Hoofdklasse Hockey Heren,17,NL,unknown,,
hk-nl-m-pinoke-gijs-somers,Gijs Somers,male,Pinoké,Heren 1,Tulp Hoofdklasse Hockey Heren,18,NL,unknown,,
hk-nl-m-pinoke-luca-wolff,Luca Wolff,male,Pinoké,Heren 1,Tulp Hoofdklasse Hockey Heren,19,DE,unknown,,
hk-nl-m-pinoke-iwan-roukema,Iwan Roukema,male,Pinoké,Heren 1,Tulp Hoofdklasse Hockey Heren,20,NL,unknown,,
hk-nl-m-pinoke-teo-hinrichs,Teo Hinrichs,male,Pinoké,Heren 1,Tulp Hoofdklasse Hockey Heren,22,DE,unknown,,
hk-nl-m-pinoke-thies-prinz,Thies Prinz,male,Pinoké,Heren 1,Tulp Hoofdklasse Hockey Heren,23,DE,unknown,,
hk-nl-m-rotterdam-lucas-van-tetering,Lucas van Tetering,male,Rotterdam,Heren 1,Tulp Hoofdklasse Hockey Heren,3,NL,unknown,,
hk-nl-m-rotterdam-jeroen-hertzberger,Jeroen Hertzberger,male,Rotterdam,Heren 1,Tulp Hoofdklasse Hockey Heren,21,NL,unknown,,
hk-nl-m-schaerweijde-tijs-van-horn,Tijs van Horn,male,Schaerweijde,Heren 1,Tulp Hoofdklasse Hockey Heren,2,NL,unknown,,
hk-nl-m-schaerweijde-mick-bosse,Mick Bosse,male,Schaerweijde,Heren 1,Tulp Hoofdklasse Hockey Heren,3,NL,unknown,,
hk-nl-m-schaerweijde-joost-van-eijck,Joost van Eijck,male,Schaerweijde,Heren 1,Tulp Hoofdklasse Hockey Heren,4,NL,unknown,,
hk-nl-m-schaerweijde-jaap-solleveld,Jaap Solleveld,male,Schaerweijde,Heren 1,Tulp Hoofdklasse Hockey Heren,5,NL,unknown,,
hk-nl-m-schaerweijde-pepijn-leenhouts,Pepijn Leenhouts,male,Schaerweijde,Heren 1,Tulp Hoofdklasse Hockey Heren,6,NL,unknown,,
hk-nl-m-schaerweijde-teun-van-aalderen,Teun van Aalderen,male,Schaerweijde,Heren 1,Tulp Hoofdklasse Hockey Heren,9,NL,unknown,,
hk-nl-m-schaerweijde-daan-troost,Daan Troost,male,Schaerweijde,Heren 1,Tulp Hoofdklasse Hockey Heren,10,NL,unknown,,
hk-nl-m-schaerweijde-niels-de-joode,Niels de Joode,male,Schaerweijde,Heren 1,Tulp Hoofdklasse Hockey Heren,11,NL,unknown,,
hk-nl-m-schaerweijde-jens-hagen,Jens Hagen,male,Schaerweijde,Heren 1,Tulp Hoofdklasse Hockey Heren,12,NL,unknown,,
hk-nl-m-schaerweijde-stijn-draaijer,Stijn Draaijer,male,Schaerweijde,Heren 1,Tulp Hoofdklasse Hockey Heren,14,NL,unknown,,
hk-nl-m-schaerweijde-derk-moret,Derk Moret,male,Schaerweijde,Heren 1,Tulp Hoofdklasse Hockey Heren,16,NL,unknown,,
hk-nl-m-schaerweijde-graeme-scott,Graeme Scott,male,Schaerweijde,Heren 1,Tulp Hoofdklasse Hockey Heren,17,GB,unknown,,
hk-nl-m-schaerweijde-thibaut-mordac,Thibaut Mordac,male,Schaerweijde,Heren 1,Tulp Hoofdklasse Hockey Heren,18,BE,unknown,,
hk-nl-m-schaerweijde-tom-vermeulen,Tom Vermeulen,male,Schaerweijde,Heren 1,Tulp Hoofdklasse Hockey Heren,19,NL,unknown,,
hk-nl-m-schaerweijde-jelle-westendorp,Jelle Westendorp,male,Schaerweijde,Heren 1,Tulp Hoofdklasse Hockey Heren,20,NL,unknown,,
hk-nl-m-schaerweijde-michiel-moret,Michiel Moret,male,Schaerweijde,Heren 1,Tulp Hoofdklasse Hockey Heren,21,NL,unknown,,
hk-nl-m-schaerweijde-maarten-bruisten,Maarten Bruisten,male,Schaerweijde,Heren 1,Tulp Hoofdklasse Hockey Heren,24,NL,unknown,,
hk-nl-m-schaerweijde-lode-draaijer,Lode Draaijer,male,Schaerweijde,Heren 1,Tulp Hoofdklasse Hockey Heren,77,NL,unknown,,
