playerId,name,club,teamName,previousRating,rating,rarity,base,dataCompleteness,performance,international,caps,internationalGoals,traits,leadership,confidenceCorrection,rawRating
hk-nl-f-amsterdam-anne-veenendaal,Anne Veenendaal,Amsterdam,Amsterdam D1,73,81,Gold,58,3,4,12,0,0,3,0,1,81
hk-nl-f-amsterdam-freeke-moes,Freeke Moes,Amsterdam,Amsterdam D1,76,80,Gold,58,1,5,12,0,0,5,2,-3,80
hk-nl-f-amsterdam-felice-albers,Felice Albers,Amsterdam,Amsterdam D1,72,72,Gold,58,1,2,12,0,0,2,0,-3,72
hk-nl-f-amsterdam-fay-van-der-elst,Fay van der Elst,Amsterdam,Amsterdam D1,72,76,Gold,58,1,4,12,0,0,4,0,-3,76
hk-nl-f-amsterdam-imke-verstraeten,Imke Verstraeten,Amsterdam,Amsterdam D1,72,76,Gold,58,1,9,5,0,0,6,0,-3,76
hk-nl-f-amsterdam-marijn-veen,Marijn Veen,Amsterdam,Amsterdam D1,70,72,Gold,58,1,2,12,0,0,2,0,-3,72
hk-nl-f-amsterdam-li-hong,Li Hong,Amsterdam,Amsterdam D1,70,52,Bronze,58,1,0,0,0,0,0,0,-7,52
hk-nl-f-amsterdam-stella-van-gils,Stella van Gils,Amsterdam,Amsterdam D1,70,50,Bronze,58,0,0,0,0,0,0,0,-8,50
hk-nl-f-amsterdam-trijntje-beljaars,Trijntje Beljaars,Amsterdam,Amsterdam D1,70,81,Gold,58,1,7,12,0,0,6,0,-3,81
hk-nl-f-amsterdam-daantje-de-kruijff,Daantje de Kruijff,Amsterdam,Amsterdam D1,70,64,Silver,58,0,0,12,0,0,0,0,-6,64
hk-nl-f-amsterdam-sabine-plonissen,Sabine Plönissen,Amsterdam,Amsterdam D1,70,52,Bronze,58,1,0,0,0,0,0,0,-7,52
hk-nl-f-amsterdam-gabrielle-mosch,Gabrielle Mosch,Amsterdam,Amsterdam D1,68,50,Bronze,58,0,0,0,0,0,0,0,-8,50
hk-nl-f-amsterdam-noa-muller,Noa Muller,Amsterdam,Amsterdam D1,68,50,Bronze,58,0,0,0,0,0,0,0,-8,50
hk-nl-f-amsterdam-alessia-norbiato,Alessia Norbiato,Amsterdam,Amsterdam D1,68,52,Bronze,58,1,0,0,0,0,0,0,-7,52
hk-nl-f-amsterdam-ivy-tellier,Ivy Tellier,Amsterdam,Amsterdam D1,68,55,Bronze,58,0,2,0,0,0,1,0,-6,55
hk-nl-f-amsterdam-katerina-langedijk,Katerina Langedijk,Amsterdam,Amsterdam D1,68,67,Silver,58,0,4,5,0,0,4,0,-4,67
hk-nl-f-amsterdam-renske-balemans,Renske Balemans,Amsterdam,Amsterdam D1,68,62,Silver,58,0,2,5,0,0,1,0,-4,62
hk-nl-f-amsterdam-merle-blaffert,Merle Blaffert,Amsterdam,Amsterdam D1,68,57,Bronze,58,0,0,5,0,0,0,0,-6,57
hk-nl-f-amsterdam-reese-d-ariano,Reese d' Ariano,Amsterdam,Amsterdam D1,68,50,Bronze,58,0,0,0,0,0,0,0,-8,50
hk-nl-f-amsterdam-fere-van-der-maarel,Fere van der Maarel,Amsterdam,Amsterdam D1,69,66,Silver,58,2,4,0,0,0,3,0,-1,66
hk-nl-f-amsterdam-charlotte-adegeest,Charlotte Adegeest,Amsterdam,Amsterdam D1,68,50,Bronze,58,0,0,0,0,0,0,0,-8,50
hk-nl-f-amsterdam-sarah-smit-sibinga,Sarah Smit Sibinga,Amsterdam,Amsterdam D1,68,50,Bronze,58,0,0,0,0,0,0,0,-8,50
hk-nl-m-amsterdam-luke-dommershuijzen,Luke Dommershuijzen,Amsterdam,Amsterdam H1,72,70,Gold,58,0,2,12,0,0,2,0,-4,70
hk-nl-m-amsterdam-oliver-payne,Oliver Payne,Amsterdam,Amsterdam H1,73,69,Silver,58,3,4,0,0,0,3,0,1,69
hk-nl-m-amsterdam-lucas-middendorp,Lucas Middendorp,Amsterdam,Amsterdam H1,72,50,Bronze,58,0,0,0,0,0,0,0,-8,50
hk-nl-m-amsterdam-boris-burkhardt,Boris Burkhardt,Amsterdam,Amsterdam H1,76,71,Gold,58,0,11,0,0,0,6,2,-6,71
hk-nl-m-amsterdam-floris-middendorp,Floris Middendorp,Amsterdam,Amsterdam H1,76,72,Gold,58,0,2,12,0,0,2,2,-4,72
hk-nl-m-amsterdam-david-huussen,David Huussen,Amsterdam,Amsterdam H1,70,64,Silver,58,0,0,12,0,0,0,0,-6,64
hk-nl-m-amsterdam-lee-morton,Lee Morton,Amsterdam,Amsterdam H1,70,52,Bronze,58,1,0,0,0,0,0,0,-7,52
hk-nl-m-amsterdam-dayaan-cassiem,Dayaan Cassiem,Amsterdam,Amsterdam H1,70,64,Silver,58,1,5,0,0,0,5,0,-5,64
hk-nl-m-amsterdam-musthapha-cassiem,Musthapha Cassiem,Amsterdam,Amsterdam H1,70,52,Bronze,58,1,0,0,0,0,0,0,-7,52
hk-nl-m-amsterdam-casper-berkman,Casper Berkman,Amsterdam,Amsterdam H1,70,50,Bronze,58,0,0,0,0,0,0,0,-8,50
hk-nl-m-amsterdam-brent-van-bijnen,Brent van Bijnen,Amsterdam,Amsterdam H1,70,50,Bronze,58,0,0,0,0,0,0,0,-8,50
hk-nl-m-amsterdam-tjeerd-boermans,Tjeerd Boermans,Amsterdam,Amsterdam H1,68,50,Bronze,58,0,0,0,0,0,0,0,-8,50
hk-nl-m-amsterdam-robbert-kemperman,Robbert Kemperman,Amsterdam,Amsterdam H1,68,52,Bronze,58,1,0,0,0,0,0,0,-7,52
hk-nl-m-amsterdam-karst-timmer,Karst Timmer,Amsterdam,Amsterdam H1,68,50,Bronze,58,0,0,0,0,0,0,0,-8,50
hk-nl-m-amsterdam-thije-harm,Thije Harm,Amsterdam,Amsterdam H1,68,50,Bronze,58,0,0,0,0,0,0,0,-8,50
hk-nl-m-amsterdam-sam-steins-bisschop,Sam Steins Bisschop,Amsterdam,Amsterdam H1,68,56,Bronze,58,0,2,0,0,0,2,0,-6,56
hk-nl-m-amsterdam-lucas-corstens,Lucas Corstens,Amsterdam,Amsterdam H1,68,57,Bronze,58,0,0,5,0,0,0,0,-6,57
hk-nl-m-amsterdam-sam-van-der-weijden,Sam van der Weijden,Amsterdam,Amsterdam H1,68,50,Bronze,58,0,0,0,0,0,0,0,-8,50
hk-nl-m-amsterdam-joost-tolboom,Joost Tolboom,Amsterdam,Amsterdam H1,68,57,Bronze,58,0,0,5,0,0,0,0,-6,57
hk-nl-m-amsterdam-olivier-paalman,Olivier Paalman,Amsterdam,Amsterdam H1,69,72,Gold,58,2,4,5,0,0,3,0,0,72
hk-nl-m-amsterdam-jochem-blok,Jochem Blok,Amsterdam,Amsterdam H1,68,50,Bronze,58,0,0,0,0,0,0,0,-8,50
hk-nl-m-amsterdam-mirco-pruyser,Mirco Pruyser,Amsterdam,Amsterdam H1,68,59,Silver,58,1,2,0,0,0,3,0,-5,59
hk-nl-f-bloemendaal-ankelein-baardemans,Ankelein Baardemans,Bloemendaal,Bloemendaal D1,76,58,Silver,58,0,2,0,0,0,2,2,-6,58
hk-nl-f-bloemendaal-sterre-bregman,Sterre Bregman,Bloemendaal,Bloemendaal D1,72,50,Bronze,58,0,0,0,0,0,0,0,-8,50
hk-nl-f-bloemendaal-pientje-molenaar,Pientje Molenaar,Bloemendaal,Bloemendaal D1,72,50,Bronze,58,0,0,0,0,0,0,0,-8,50
hk-nl-f-bloemendaal-demi-hilterman,Demi Hilterman,Bloemendaal,Bloemendaal D1,72,64,Silver,58,0,7,0,0,0,5,0,-6,64
hk-nl-f-bloemendaal-phileine-hazen,Phileine Hazen,Bloemendaal,Bloemendaal D1,73,72,Gold,58,2,4,5,0,0,3,0,0,72
hk-nl-f-bloemendaal-malou-nanninga,Malou Nanninga,Bloemendaal,Bloemendaal D1,70,50,Bronze,58,0,0,0,0,0,0,0,-8,50
hk-nl-f-bloemendaal-rosalie-rosman,Rosalie Rosman,Bloemendaal,Bloemendaal D1,70,55,Bronze,58,0,2,0,0,0,1,0,-6,55
hk-nl-f-bloemendaal-maud-preyde,Maud Preyde,Bloemendaal,Bloemendaal D1,70,50,Bronze,58,0,0,0,0,0,0,0,-8,50
hk-nl-f-bloemendaal-lilli-de-nooijer,Lilli de Nooijer,Bloemendaal,Bloemendaal D1,70,50,Bronze,58,0,0,0,0,0,0,0,-8,50
hk-nl-f-bloemendaal-annelies-pos,Annelies Pos,Bloemendaal,Bloemendaal D1,70,50,Bronze,58,0,0,0,0,0,0,0,-8,50
hk-nl-f-bloemendaal-luca-preyde,Luca Preyde,Bloemendaal,Bloemendaal D1,70,50,Bronze,58,0,0,0,0,0,0,0,-8,50
hk-nl-f-bloemendaal-isa-huijbers,Isa Huijbers,Bloemendaal,Bloemendaal D1,68,50,Bronze,58,0,0,0,0,0,0,0,-8,50
hk-nl-f-bloemendaal-ryanne-van-dooijeweerd,Ryanne van Dooijeweerd,Bloemendaal,Bloemendaal D1,68,55,Bronze,58,0,2,0,0,0,1,0,-6,55
hk-nl-f-bloemendaal-mijntje-van-campen,Mijntje van Campen,Bloemendaal,Bloemendaal D1,68,50,Bronze,58,0,0,0,0,0,0,0,-8,50
hk-nl-f-bloemendaal-florien-sondern,Florien Sondern,Bloemendaal,Bloemendaal D1,68,50,Bronze,58,0,0,0,0,0,0,0,-8,50
hk-nl-f-bloemendaal-floks-van-der-beek,Floks van der Beek,Bloemendaal,Bloemendaal D1,68,50,Bronze,58,0,0,0,0,0,0,0,-8,50
hk-nl-f-bloemendaal-sophie-thoolen,Sophie Thoolen,Bloemendaal,Bloemendaal D1,68,55,Bronze,58,0,2,0,0,0,1,0,-6,55
hk-nl-f-bloemendaal-julie-hoogendoorn,Julie Hoogendoorn,Bloemendaal,Bloemendaal D1,68,55,Bronze,58,0,2,0,0,0,1,0,-6,55
hk-nl-f-bloemendaal-isolde-otten,Isolde Otten,Bloemendaal,Bloemendaal D1,68,50,Bronze,58,0,0,0,0,0,0,0,-8,50
hk-nl-f-bloemendaal-diana-beemster,Diana Beemster,Bloemendaal,Bloemendaal D1,69,66,Silver,58,2,4,0,0,0,3,0,-1,66
hk-nl-m-bloemendaal-jorrit-croon,Jorrit Croon,Bloemendaal,Bloemendaal H1,76,54,Bronze,58,1,0,0,0,0,0,2,-7,54
hk-nl-m-bloemendaal-floris-wortelboer,Floris Wortelboer,Bloemendaal,Bloemendaal H1,72,71,Gold,58,1,2,12,0,0,1,0,-3,71
hk-nl-m-bloemendaal-maurits-visser,Maurits Visser,Bloemendaal,Bloemendaal H1,73,79,Gold,58,2,4,12,0,0,3,0,0,79
hk-nl-m-bloemendaal-jasper-brinkman,Jasper Brinkman,Bloemendaal,Bloemendaal H1,72,50,Bronze,58,0,0,0,0,0,0,0,-8,50
hk-nl-m-bloemendaal-zachary-wallace,Zachary Wallace,Bloemendaal,Bloemendaal H1,72,52,Bronze,58,1,0,0,0,0,0,0,-7,52
hk-nl-m-bloemendaal-teun-beins,Teun Beins,Bloemendaal,Bloemendaal H1,70,71,Gold,58,1,11,0,0,0,6,0,-5,71
hk-nl-m-bloemendaal-arno-van-dessel,Arno van Dessel,Bloemendaal,Bloemendaal H1,70,52,Bronze,58,1,0,0,0,0,0,0,-7,52
hk-nl-m-bloemendaal-casper-van-der-veen,Casper van der Veen,Bloemendaal,Bloemendaal H1,70,70,Gold,58,0,2,12,0,0,2,0,-4,70
hk-nl-m-bloemendaal-marco-miltkau,Marco Miltkau,Bloemendaal,Bloemendaal H1,70,59,Silver,58,1,2,0,0,0,3,0,-5,59
hk-nl-m-bloemendaal-wiegert-schut,Wiegert Schut,Bloemendaal,Bloemendaal H1,70,50,Bronze,58,0,0,0,0,0,0,0,-8,50
hk-nl-m-bloemendaal-lucas-veen,Lucas Veen,Bloemendaal,Bloemendaal H1,70,70,Gold,58,0,2,12,0,0,2,0,-4,70
hk-nl-m-bloemendaal-elian-mazkour,Elian Mazkour,Bloemendaal,Bloemendaal H1,68,62,Silver,58,1,4,0,0,0,4,0,-5,62
hk-nl-m-bloemendaal-gijs-ter-braak,Gijs ter Braak,Bloemendaal,Bloemendaal H1,68,50,Bronze,58,0,0,0,0,0,0,0,-8,50
hk-nl-m-bloemendaal-teun-hogenhout,Teun Hogenhout,Bloemendaal,Bloemendaal H1,68,57,Bronze,58,0,0,5,0,0,0,0,-6,57
hk-nl-m-bloemendaal-sheldon-schouten,Sheldon Schouten,Bloemendaal,Bloemendaal H1,68,50,Bronze,58,0,0,0,0,0,0,0,-8,50
hk-nl-m-bloemendaal-jan-van-t-land,Jan van 't Land,Bloemendaal,Bloemendaal H1,68,64,Silver,58,0,2,5,0,0,3,0,-4,64
hk-nl-m-bloemendaal-max-langer,Max Langer,Bloemendaal,Bloemendaal H1,68,52,Bronze,58,1,0,0,0,0,0,0,-7,52
hk-nl-m-bloemendaal-tobias-bovelander,Tobias Bovelander,Bloemendaal,Bloemendaal H1,68,50,Bronze,58,0,0,0,0,0,0,0,-8,50
hk-nl-m-bloemendaal-ramses-zwijnenburg,Ramses Zwijnenburg,Bloemendaal,Bloemendaal H1,68,50,Bronze,58,0,0,0,0,0,0,0,-8,50
hk-nl-m-bloemendaal-allard-andre-de-la-porte,Allard André de la Porte,Bloemendaal,Bloemendaal H1,69,66,Silver,58,2,4,0,0,0,3,0,-1,66
hk-nl-m-bloemendaal-wouter-jolie,Wouter Jolie,Bloemendaal,Bloemendaal H1,68,50,Bronze,58,0,0,0,0,0,0,0,-8,50
hk-nl-m-bloemendaal-matthijs-odekerken,Matthijs Odekerken,Bloemendaal,Bloemendaal H1,69,66,Silver,58,2,4,0,0,0,3,0,-1,66
hk-nl-f-den-bosch-josine-koning,Josine Koning,Den Bosch,Den Bosch D1,73,81,Gold,58,3,4,12,0,0,3,0,1,81
hk-nl-f-den-bosch-charlotte-englebert,Charlotte Englebert,Den Bosch,Den Bosch D1,72,52,Bronze,58,1,0,0,0,0,0,0,-7,52
hk-nl-f-den-bosch-rosa-fernig,Rosa Fernig,Den Bosch,Den Bosch D1,72,66,Silver,58,1,0,12,0,0,0,0,-5,66
hk-nl-f-den-bosch-pien-sanders,Pien Sanders,Den Bosch,Den Bosch D1,76,74,Gold,58,1,2,12,0,0,2,2,-3,74
hk-nl-f-den-bosch-sanne-koolen,Sanne Koolen,Den Bosch,Den Bosch D1,72,70,Gold,58,0,2,12,0,0,2,0,-4,70
hk-nl-f-den-bosch-frederique-matla,Frédérique Matla,Den Bosch,Den Bosch D1,70,85,Elite,58,1,11,12,0,0,6,0,-3,85
hk-nl-f-den-bosch-joosje-burg,Joosje Burg,Den Bosch,Den Bosch D1,70,78,Gold,58,1,5,12,0,0,5,0,-3,78
hk-nl-f-den-bosch-laura-nunnink,Laura Nunnink,Den Bosch,Den Bosch D1,70,52,Bronze,58,1,0,0,0,0,0,0,-7,52
hk-nl-f-den-bosch-maartje-krekelaar,Maartje Krekelaar,Den Bosch,Den Bosch D1,70,57,Bronze,58,1,2,0,0,0,1,0,-5,57
hk-nl-f-den-bosch-danique-van-der-veerdonk,Danique van der Veerdonk,Den Bosch,Den Bosch D1,70,66,Silver,58,1,0,12,0,0,0,0,-5,66
hk-nl-f-den-bosch-imme-van-der-hoek,Imme van der Hoek,Den Bosch,Den Bosch D1,70,55,Bronze,58,0,2,0,0,0,1,0,-6,55
hk-nl-f-den-bosch-emma-reijnen,Emma Reijnen,Den Bosch,Den Bosch D1,68,50,Bronze,58,0,0,0,0,0,0,0,-8,50
hk-nl-f-den-bosch-babs-reijnen,Babs Reijnen,Den Bosch,Den Bosch D1,68,62,Silver,58,0,2,5,0,0,1,0,-4,62
hk-nl-f-den-bosch-anouk-brouwer,Anouk Brouwer,Den Bosch,Den Bosch D1,68,50,Bronze,58,0,0,0,0,0,0,0,-8,50
hk-nl-f-den-bosch-lieve-wijckmans,Lieve Wijckmans,Den Bosch,Den Bosch D1,68,63,Silver,58,0,2,5,0,0,2,0,-4,63
hk-nl-f-den-bosch-teuntje-de-wit,Teuntje de Wit,Den Bosch,Den Bosch D1,68,56,Bronze,58,0,2,0,0,0,2,0,-6,56
hk-nl-f-den-bosch-romee-joosten,Romee Joosten,Den Bosch,Den Bosch D1,68,50,Bronze,58,0,0,0,0,0,0,0,-8,50
hk-nl-f-den-bosch-josephine-bekkers,Josephine Bekkers,Den Bosch,Den Bosch D1,68,50,Bronze,58,0,0,0,0,0,0,0,-8,50
hk-nl-f-den-bosch-kim-peters,Kim Peters,Den Bosch,Den Bosch D1,68,50,Bronze,58,0,0,0,0,0,0,0,-8,50
hk-nl-f-den-bosch-janneke-van-de-venne,Janneke van de Venne,Den Bosch,Den Bosch D1,68,50,Bronze,58,0,0,0,0,0,0,0,-8,50
hk-nl-f-den-bosch-elke-boers,Elke Boers,Den Bosch,Den Bosch D1,68,50,Bronze,58,0,0,0,0,0,0,0,-8,50
hk-nl-f-den-bosch-laurette-abelen,Laurette Abelen,Den Bosch,Den Bosch D1,69,66,Silver,58,2,4,0,0,0,3,0,-1,66
hk-nl-m-den-bosch-alexander-stadler,Alexander Stadler,Den Bosch,Den Bosch H1,73,69,Silver,58,3,4,0,0,0,3,0,1,69
hk-nl-m-den-bosch-thierry-brinkman,Thierry Brinkman,Den Bosch,Den Bosch H1,72,87,Elite,58,3,7,12,0,0,6,0,1,87
hk-nl-m-den-bosch-jasper-tukkers,Jasper Tukkers,Den Bosch,Den Bosch H1,76,70,Gold,58,3,0,0,0,0,6,2,1,70
hk-nl-m-den-bosch-koen-bijen,Koen Bijen,Den Bosch,Den Bosch H1,72,88,Elite,58,3,8,12,0,0,6,0,1,88
hk-nl-m-den-bosch-timo-boers,Timo Boers,Den Bosch,Den Bosch H1,72,92,Icon,58,3,12,12,0,0,6,0,1,92
hk-nl-m-den-bosch-gijs-campbell,Gijs Campbell,Den Bosch,Den Bosch H1,70,65,Silver,58,3,0,0,0,0,3,0,1,65
hk-nl-m-den-bosch-joppe-wolbert,Joppe Wolbert,Den Bosch,Den Bosch H1,70,70,Gold,58,3,0,5,0,0,3,0,1,70
hk-nl-m-den-bosch-eduard-de-ignacio-simo,Eduard De Ignacio - Simó,Den Bosch,Den Bosch H1,70,67,Silver,58,3,2,0,0,0,3,0,1,67
hk-nl-m-den-bosch-pepijn-reijenga,Pepijn Reijenga,Den Bosch,Den Bosch H1,70,65,Silver,58,3,0,0,0,0,3,0,1,65
hk-nl-m-den-bosch-imre-vos,Imre Vos,Den Bosch,Den Bosch H1,70,65,Silver,58,3,0,0,0,0,3,0,1,65
hk-nl-m-den-bosch-mees-kurvers,Mees Kurvers,Den Bosch,Den Bosch H1,70,65,Silver,58,3,0,0,0,0,3,0,1,65
hk-nl-m-den-bosch-jair-van-der-horst,Jaïr van der Horst,Den Bosch,Den Bosch H1,68,67,Silver,58,3,2,0,0,0,3,0,1,67
hk-nl-m-den-bosch-max-kreft,Max Kreft,Den Bosch,Den Bosch H1,68,75,Gold,58,3,7,0,0,0,6,0,1,75
hk-nl-m-den-bosch-lucas-driessen,Lucas Driessen,Den Bosch,Den Bosch H1,68,70,Gold,58,3,0,5,0,0,3,0,1,70
hk-nl-m-den-bosch-max-pastoor,Max Pastoor,Den Bosch,Den Bosch H1,68,65,Silver,58,3,0,0,0,0,3,0,1,65
hk-nl-m-den-bosch-sweder-koens,Sweder Koens,Den Bosch,Den Bosch H1,68,67,Silver,58,3,2,0,0,0,3,0,1,67
hk-nl-m-den-bosch-sander-van-berkel,Sander van Berkel,Den Bosch,Den Bosch H1,69,69,Silver,58,3,4,0,0,0,3,0,1,69
hk-nl-m-den-bosch-cedric-van-otterlo,Cedric van Otterlo,Den Bosch,Den Bosch H1,68,65,Silver,58,3,0,0,0,0,3,0,1,65
hk-nl-m-den-bosch-marc-vizcaino,Marc Vizcaino,Den Bosch,Den Bosch H1,68,65,Silver,58,3,0,0,0,0,3,0,1,65
hk-nl-m-den-bosch-thomas-sorsby,Thomas Sorsby,Den Bosch,Den Bosch H1,68,65,Silver,58,3,0,0,0,0,3,0,1,65
hk-nl-m-den-bosch-fabian-unterkircher,Fabian Unterkircher,Den Bosch,Den Bosch H1,68,65,Silver,58,3,0,0,0,0,3,0,1,65
hk-nl-m-den-bosch-tijn-van-groesen,Tijn van Groesen,Den Bosch,Den Bosch H1,68,50,Bronze,58,0,0,0,0,0,0,0,-8,50
hk-nl-f-hdm-milou-klein,Milou Klein,HDM,HDM D1,72,50,Bronze,58,0,0,0,0,0,0,0,-8,50
hk-nl-f-hdm-belen-van-den-broek,Belén van den Broek,HDM,HDM D1,72,60,Silver,58,1,4,0,0,0,2,0,-5,60
hk-nl-f-hdm-tessa-clasener,Tessa Clasener,HDM,HDM D1,76,57,Bronze,58,0,2,0,0,0,1,2,-6,57
hk-nl-f-hdm-frederique-dekker,Frederique Dekker,HDM,HDM D1,72,50,Bronze,58,0,0,0,0,0,0,0,-8,50
hk-nl-f-hdm-sabine-van-den-eijnden,Sabine van den Eijnden,HDM,HDM D1,72,55,Bronze,58,0,2,0,0,0,1,0,-6,55
hk-nl-f-hdm-pien-van-der-heide,Pien van der Heide,HDM,HDM D1,70,55,Bronze,58,0,2,0,0,0,1,0,-6,55
hk-nl-f-hdm-julia-remmerswaal,Julia Remmerswaal,HDM,HDM D1,71,66,Silver,58,2,4,0,0,0,3,0,-1,66
hk-nl-f-hdm-hester-van-der-veld,Hester van der Veld,HDM,HDM D1,70,50,Bronze,58,0,0,0,0,0,0,0,-8,50
hk-nl-f-hdm-kaat-walhof,Kaat Walhof,HDM,HDM D1,70,56,Bronze,58,0,2,0,0,0,2,0,-6,56
hk-nl-f-hdm-phileine-van-den-bosch,Phileine van den Bosch,HDM,HDM D1,70,57,Bronze,58,0,0,5,0,0,0,0,-6,57
hk-nl-f-hdm-delany-van-den-broek,Delany van den Broek,HDM,HDM D1,70,57,Bronze,58,0,0,5,0,0,0,0,-6,57
hk-nl-f-hdm-julia-duffhuis,Julia Duffhuis,HDM,HDM D1,68,56,Bronze,58,0,2,0,0,0,2,0,-6,56
hk-nl-f-hdm-juliette-hijdra,Juliette Hijdra,HDM,HDM D1,68,50,Bronze,58,0,0,0,0,0,0,0,-8,50
hk-nl-f-hdm-eva-van-t-hoog,Eva van 't Hoog,HDM,HDM D1,68,50,Bronze,58,0,0,0,0,0,0,0,-8,50
hk-nl-f-hdm-lotte-beetsma,Lotte Beetsma,HDM,HDM D1,68,50,Bronze,58,0,0,0,0,0,0,0,-8,50
hk-nl-f-hdm-claudia-negrete-garcia,Claudia Negrete Garcia,HDM,HDM D1,68,52,Bronze,58,1,0,0,0,0,0,0,-7,52
hk-nl-f-hdm-anke-sanders,Anke Sanders,HDM,HDM D1,68,50,Bronze,58,0,0,0,0,0,0,0,-8,50
hk-nl-f-hdm-isa-van-spronsen,Isa van Spronsen,HDM,HDM D1,68,50,Bronze,58,0,0,0,0,0,0,0,-8,50
hk-nl-f-hdm-dirkie-chamberlain,Dirkie Chamberlain,HDM,HDM D1,68,52,Bronze,58,1,0,0,0,0,0,0,-7,52
hk-nl-f-hdm-laila-dierkens-schuttevaer,Laila Dierkens Schuttevaer,HDM,HDM D1,69,66,Silver,58,2,4,0,0,0,3,0,-1,66
hk-nl-f-hdm-pien-van-nes,Pien van Nes,HDM,HDM D1,68,50,Bronze,58,0,0,0,0,0,0,0,-8,50
hk-nl-f-hdm-florien-vorderman,Florien Vorderman,HDM,HDM D1,68,50,Bronze,58,0,0,0,0,0,0,0,-8,50
hk-nl-m-hdm-luis-beckmann,Luis Beckmann,HDM,HDM H1,73,68,Silver,58,3,4,0,0,0,3,0,0,68
hk-nl-m-hdm-cedric-de-gier,Cédric de Gier,HDM,HDM H1,76,52,Bronze,58,0,0,0,0,0,0,2,-8,52
hk-nl-m-hdm-sander-groenheijde,Sander Groenheijde,HDM,HDM H1,76,52,Bronze,58,0,0,0,0,0,0,2,-8,52
hk-nl-m-hdm-floris-van-der-kroon,Floris van der Kroon,HDM,HDM H1,72,50,Bronze,58,0,0,0,0,0,0,0,-8,50
hk-nl-m-hdm-marc-bolto-gimo,Marc Boltó Gimó,HDM,HDM H1,72,52,Bronze,58,1,0,0,0,0,0,0,-7,52
hk-nl-m-hdm-yorben-fontaine,Yorben Fontaine,HDM,HDM H1,70,52,Bronze,58,1,0,0,0,0,0,0,-7,52
hk-nl-m-hdm-merijn-maas,Merijn Maas,HDM,HDM H1,70,50,Bronze,58,0,0,0,0,0,0,0,-8,50
hk-nl-m-hdm-jasper-van-der-looy,Jasper van der Looy,HDM,HDM H1,70,50,Bronze,58,0,0,0,0,0,0,0,-8,50
hk-nl-m-hdm-chris-taberima,Chris Taberima,HDM,HDM H1,70,60,Silver,58,0,4,0,0,0,4,0,-6,60
hk-nl-m-hdm-fabian-verzuu,Fabian Verzuu,HDM,HDM H1,70,60,Silver,58,0,4,0,0,0,4,0,-6,60
hk-nl-m-hdm-alexander-weterings,Alexander Weterings,HDM,HDM H1,70,50,Bronze,58,0,0,0,0,0,0,0,-8,50
hk-nl-m-hdm-jelte-kaptein,Jelte Kaptein,HDM,HDM H1,68,50,Bronze,58,0,0,0,0,0,0,0,-8,50
hk-nl-m-hdm-rick-van-den-ijssel,Rick van den IJssel,HDM,HDM H1,68,50,Bronze,58,0,0,0,0,0,0,0,-8,50
hk-nl-m-hdm-ruben-versteeg,Ruben Versteeg,HDM,HDM H1,68,50,Bronze,58,0,0,0,0,0,0,0,-8,50
hk-nl-m-hdm-guus-van-den-boezem,Guus van den Boezem,HDM,HDM H1,68,63,Silver,58,0,2,5,0,0,2,0,-4,63
hk-nl-m-hdm-sam-spencer,Sam Spencer,HDM,HDM H1,68,52,Bronze,58,1,0,0,0,0,0,0,-7,52
hk-nl-m-hdm-tom-provily,Tom Provily,HDM,HDM H1,68,63,Silver,58,0,2,5,0,0,2,0,-4,63
hk-nl-m-hdm-mats-dicke,Mats Dicke,HDM,HDM H1,68,50,Bronze,58,0,0,0,0,0,0,0,-8,50
hk-nl-m-hdm-fenn-tellier,Fenn Tellier,HDM,HDM H1,68,57,Bronze,58,0,0,5,0,0,0,0,-6,57
hk-nl-m-hdm-siebe-pijpers,Siebe Pijpers,HDM,HDM H1,69,72,Gold,58,2,4,5,0,0,3,0,0,72
hk-nl-m-hdm-duco-nieuwenhuizen-segaar,Duco Nieuwenhuizen Segaar,HDM,HDM H1,68,50,Bronze,58,0,0,0,0,0,0,0,-8,50
hk-nl-f-hgc-sofie-ter-kuile,Sofie ter Kuile,HGC,HGC D1,73,66,Silver,58,2,4,0,0,0,3,0,-1,66
hk-nl-f-hgc-isis-van-loon,Isis van Loon,HGC,HGC D1,76,57,Bronze,58,0,2,0,0,0,1,2,-6,57
hk-nl-f-hgc-cecile-pieper,Cécile Pieper,HGC,HGC D1,76,54,Bronze,58,1,0,0,0,0,0,2,-7,54
hk-nl-f-hgc-valentina-raposo-ruiz-de-los-llanos,Valentina Raposo Ruiz De Los Llanos,HGC,HGC D1,72,52,Bronze,58,1,0,0,0,0,0,0,-7,52
hk-nl-f-hgc-marta-segu-rueda,Marta Segú Rueda,HGC,HGC D1,72,57,Bronze,58,1,2,0,0,0,1,0,-5,57
hk-nl-f-hgc-mariona-serrahima,Mariona Serrahima,HGC,HGC D1,70,58,Silver,58,1,2,0,0,0,2,0,-5,58
hk-nl-f-hgc-anna-serrahima,Anna Serrahima,HGC,HGC D1,70,52,Bronze,58,1,0,0,0,0,0,0,-7,52
hk-nl-f-hgc-lilly-stoffelsma,Lilly Stoffelsma,HGC,HGC D1,70,56,Bronze,58,0,2,0,0,0,2,0,-6,56
hk-nl-f-hgc-zoe-admiraal,Zoë Admiraal,HGC,HGC D1,70,50,Bronze,58,0,0,0,0,0,0,0,-8,50
hk-nl-f-hgc-jip-blaas,Jip Blaas,HGC,HGC D1,70,50,Bronze,58,0,0,0,0,0,0,0,-8,50
hk-nl-f-hgc-amy-van-den-bosch,Amy van den Bosch,HGC,HGC D1,70,55,Bronze,58,0,2,0,0,0,1,0,-6,55
hk-nl-f-hgc-tessel-huibregtsen,Tessel Huibregtsen,HGC,HGC D1,68,50,Bronze,58,0,0,0,0,0,0,0,-8,50
hk-nl-f-hgc-bente-kolmus,Bente Kolmus,HGC,HGC D1,68,50,Bronze,58,0,0,0,0,0,0,0,-8,50
hk-nl-f-hgc-lisa-lejeune,Lisa Lejeune,HGC,HGC D1,68,50,Bronze,58,0,0,0,0,0,0,0,-8,50
hk-nl-f-hgc-faye-muijderman,Faye Muijderman,HGC,HGC D1,68,55,Bronze,58,0,2,0,0,0,1,0,-6,55
hk-nl-f-hgc-julie-pieper,Julie Pieper,HGC,HGC D1,68,50,Bronze,58,0,0,0,0,0,0,0,-8,50
hk-nl-f-hgc-mikki-roolaart,Mikki Roolaart,HGC,HGC D1,68,60,Silver,58,0,4,0,0,0,4,0,-6,60
hk-nl-f-hgc-julie-sytsema,Julie Sytsema,HGC,HGC D1,68,50,Bronze,58,0,0,0,0,0,0,0,-8,50
hk-nl-f-hgc-louisa-hopman,Louisa Hopman,HGC,HGC D1,68,50,Bronze,58,0,0,0,0,0,0,0,-8,50
hk-nl-f-hgc-valentine-hulsbergen,Valentine Hulsbergen,HGC,HGC D1,68,50,Bronze,58,0,0,0,0,0,0,0,-8,50
hk-nl-f-hgc-ellie-vinh,Ellie Vinh,HGC,HGC D1,68,50,Bronze,58,0,0,0,0,0,0,0,-8,50
hk-nl-f-hgc-pip-jong,Pip Jong,HGC,HGC D1,69,66,Silver,58,2,4,0,0,0,3,0,-1,66
hk-nl-f-hurley-maartje-kaptein,Maartje Kaptein,Hurley,Hurley D1,77,68,Silver,58,2,4,0,0,0,3,2,-1,68
hk-nl-f-hurley-sophie-schelfhout,Sophie Schelfhout,Hurley,Hurley D1,76,52,Bronze,58,0,0,0,0,0,0,2,-8,52
hk-nl-f-hurley-annelotte-nijhuis,Annelotte Nijhuis,Hurley,Hurley D1,72,57,Bronze,58,0,0,5,0,0,0,0,-6,57
hk-nl-f-hurley-fiona-morgenstern,Fiona Morgenstern,Hurley,Hurley D1,76,54,Bronze,58,1,0,0,0,0,0,2,-7,54
hk-nl-f-hurley-chrisje-van-der-salm,Chrisje van der Salm,Hurley,Hurley D1,76,52,Bronze,58,0,0,0,0,0,0,2,-8,52
hk-nl-f-hurley-margot-van-hecking-colenbrander,Margot van Hecking Colenbrander,Hurley,Hurley D1,70,50,Bronze,58,0,0,0,0,0,0,0,-8,50
hk-nl-f-hurley-sanne-caarls,Sanne Caarls,Hurley,Hurley D1,70,50,Bronze,58,0,0,0,0,0,0,0,-8,50
hk-nl-f-hurley-fleur-loomans,Fleur Loomans,Hurley,Hurley D1,70,57,Bronze,58,0,2,0,0,0,3,0,-6,57
hk-nl-f-hurley-teuntje-horn,Teuntje Horn,Hurley,Hurley D1,70,55,Bronze,58,0,2,0,0,0,1,0,-6,55
hk-nl-f-hurley-eliza-vermeulen,Eliza Vermeulen,Hurley,Hurley D1,70,50,Bronze,58,0,0,0,0,0,0,0,-8,50
hk-nl-f-hurley-nora-bruinsma,Nora Bruinsma,Hurley,Hurley D1,70,50,Bronze,58,0,0,0,0,0,0,0,-8,50
hk-nl-f-hurley-dymph-luttge,Dymph Luttge,Hurley,Hurley D1,68,57,Bronze,58,0,0,5,0,0,0,0,-6,57
hk-nl-f-hurley-philine-vinkesteijn,Philine Vinkesteijn,Hurley,Hurley D1,68,50,Bronze,58,0,0,0,0,0,0,0,-8,50
hk-nl-f-hurley-taheera-augousti,Taheera Augousti,Hurley,Hurley D1,68,52,Bronze,58,1,0,0,0,0,0,0,-7,52
hk-nl-f-hurley-romee-corver,Romée Corver,Hurley,Hurley D1,68,56,Bronze,58,0,2,0,0,0,2,0,-6,56
hk-nl-f-hurley-michelle-van-der-drift,Michelle van der Drift,Hurley,Hurley D1,68,55,Bronze,58,0,2,0,0,0,1,0,-6,55
hk-nl-f-hurley-floor-van-den-dungen,Floor van den Dungen,Hurley,Hurley D1,68,50,Bronze,58,0,0,0,0,0,0,0,-8,50
hk-nl-f-hurley-floor-van-gorkum,Floor van Gorkum,Hurley,Hurley D1,68,50,Bronze,58,0,0,0,0,0,0,0,-8,50
hk-nl-f-hurley-olivia-huisman,Olivia Huisman,Hurley,Hurley D1,68,57,Bronze,58,0,0,5,0,0,0,0,-6,57
hk-nl-f-hurley-ginella-zerbo,Ginella Zerbo,Hurley,Hurley D1,68,50,Bronze,58,0,0,0,0,0,0,0,-8,50
hk-nl-f-hurley-laurien-leurink,Laurien Leurink,Hurley,Hurley D1,69,66,Silver,58,2,4,0,0,0,3,0,-1,66
hk-nl-f-hurley-julia-van-den-heuvel,Julia van den Heuvel,Hurley,Hurley D1,68,50,Bronze,58,0,0,0,0,0,0,0,-8,50
hk-nl-m-hurley-nikas-berendts,Nikas Berendts,Hurley,Hurley H1,72,52,Bronze,58,1,0,0,0,0,0,0,-7,52
hk-nl-m-hurley-daan-dekker,Daan Dekker,Hurley,Hurley H1,72,50,Bronze,58,0,0,0,0,0,0,0,-8,50
hk-nl-m-hurley-mees-loman,Mees Loman,Hurley,Hurley H1,76,52,Bronze,58,0,0,0,0,0,0,2,-8,52
hk-nl-m-hurley-harry-martin,Harry Martin,Hurley,Hurley H1,72,52,Bronze,58,1,0,0,0,0,0,0,-7,52
hk-nl-m-hurley-fred-newbold,Fred Newbold,Hurley,Hurley H1,72,57,Bronze,58,1,2,0,0,0,1,0,-5,57
hk-nl-m-hurley-laurens-nievelstein,Laurens Nievelstein,Hurley,Hurley H1,70,50,Bronze,58,0,0,0,0,0,0,0,-8,50
hk-nl-m-hurley-rutger-plat,Rutger Plat,Hurley,Hurley H1,70,50,Bronze,58,0,0,0,0,0,0,0,-8,50
hk-nl-m-hurley-joren-romijn,Joren Romijn,Hurley,Hurley H1,71,66,Silver,58,2,4,0,0,0,3,0,-1,66
hk-nl-m-hurley-hjalmar-voskuil,Hjalmar Voskuil,Hurley,Hurley H1,70,60,Silver,58,0,4,0,0,0,4,0,-6,60
hk-nl-m-hurley-grau-albert,Grau Albert,Hurley,Hurley H1,70,52,Bronze,58,1,0,0,0,0,0,0,-7,52
hk-nl-m-hurley-deegan-huisman,Deegan Huisman,Hurley,Hurley H1,70,50,Bronze,58,0,0,0,0,0,0,0,-8,50
hk-nl-m-hurley-joshua-keaveney,Joshua Keaveney,Hurley,Hurley H1,68,52,Bronze,58,1,0,0,0,0,0,0,-7,52
hk-nl-m-hurley-theun-de-leeuw,Theun de Leeuw,Hurley,Hurley H1,68,50,Bronze,58,0,0,0,0,0,0,0,-8,50
hk-nl-m-hurley-jake-raben,Jake Raben,Hurley,Hurley H1,68,50,Bronze,58,0,0,0,0,0,0,0,-8,50
hk-nl-m-hurley-noam-sheridan,Noam Sheridan,Hurley,Hurley H1,68,52,Bronze,58,1,0,0,0,0,0,0,-7,52
hk-nl-m-hurley-lex-tump,Lex Tump,Hurley,Hurley H1,72,52,Bronze,58,0,0,0,0,0,0,2,-8,52
hk-nl-m-hurley-pim-wasser,Pim Wasser,Hurley,Hurley H1,68,50,Bronze,58,0,0,0,0,0,0,0,-8,50
hk-nl-m-hurley-tieme-wiggers,Tieme Wiggers,Hurley,Hurley H1,68,50,Bronze,58,0,0,0,0,0,0,0,-8,50
hk-nl-m-hurley-camiel-erselina,Camiel Erselina,Hurley,Hurley H1,69,66,Silver,58,2,4,0,0,0,3,0,-1,66
hk-nl-m-hurley-i-an-van-de-scheur,I-An van de Scheur,Hurley,Hurley H1,68,50,Bronze,58,0,0,0,0,0,0,0,-8,50
hk-nl-m-hurley-imko-de-vries,Imko de Vries,Hurley,Hurley H1,68,50,Bronze,58,0,0,0,0,0,0,0,-8,50
hk-nl-m-hurley-benjamin-walker,Benjamin Walker,Hurley,Hurley H1,68,52,Bronze,58,1,0,0,0,0,0,0,-7,52
hk-nl-f-kampong-babette-backers,Babette Backers,Kampong,Kampong D1,73,66,Silver,58,2,4,0,0,0,3,0,-1,66
hk-nl-f-kampong-luna-fokke,Luna Fokke,Kampong,Kampong D1,76,78,Gold,58,1,4,12,0,0,4,2,-3,78
hk-nl-f-kampong-bente-van-der-veldt,Bente van der Veldt,Kampong,Kampong D1,72,62,Silver,58,1,4,0,0,0,4,0,-5,62
hk-nl-f-kampong-noor-van-den-nieuwenhof,Noor van den Nieuwenhof,Kampong,Kampong D1,72,73,Gold,58,0,4,12,0,0,3,0,-4,73
hk-nl-f-kampong-eline-jansen,Eline Jansen,Kampong,Kampong D1,72,70,Gold,58,0,2,12,0,0,2,0,-4,70
hk-nl-f-kampong-guusje-moes,Guusje Moes,Kampong,Kampong D1,70,59,Silver,58,0,4,0,0,0,3,0,-6,59
hk-nl-f-kampong-carlijn-tukkers,Carlijn Tukkers,Kampong,Kampong D1,70,56,Bronze,58,0,2,0,0,0,2,0,-6,56
hk-nl-f-kampong-noor-de-baat,Noor de Baat,Kampong,Kampong D1,70,52,Bronze,58,1,0,0,0,0,0,0,-7,52
hk-nl-f-kampong-sosha-benninga,Sosha Benninga,Kampong,Kampong D1,70,62,Silver,58,1,4,0,0,0,4,0,-5,62
hk-nl-f-kampong-veere-ter-horst,Veere ter Horst,Kampong,Kampong D1,70,57,Bronze,58,0,0,5,0,0,0,0,-6,57
hk-nl-f-kampong-fleur-wolfert,Fleur Wolfert,Kampong,Kampong D1,70,57,Bronze,58,0,0,5,0,0,0,0,-6,57
hk-nl-f-kampong-maria-de-vries,Maria de Vries,Kampong,Kampong D1,68,50,Bronze,58,0,0,0,0,0,0,0,-8,50
hk-nl-f-kampong-iris-de-kemp,Iris de Kemp,Kampong,Kampong D1,68,67,Silver,58,0,4,5,0,0,4,0,-4,67
hk-nl-f-kampong-julie-roovers,Julie Roovers,Kampong,Kampong D1,68,57,Bronze,58,0,0,5,0,0,0,0,-6,57
hk-nl-f-kampong-kyra-fortuin,Kyra Fortuin,Kampong,Kampong D1,68,50,Bronze,58,0,0,0,0,0,0,0,-8,50
hk-nl-f-kampong-charlotte-hoctin-boes,Charlotte Hoctin Boes,Kampong,Kampong D1,68,52,Bronze,58,1,0,0,0,0,0,0,-7,52
hk-nl-f-kampong-sofie-stomps,Sofie Stomps,Kampong,Kampong D1,68,50,Bronze,58,0,0,0,0,0,0,0,-8,50
hk-nl-f-kampong-sophie-van-grimbergen,Sophie van Grimbergen,Kampong,Kampong D1,68,50,Bronze,58,0,0,0,0,0,0,0,-8,50
hk-nl-f-kampong-imme-van-es,Imme Van es,Kampong,Kampong D1,68,50,Bronze,58,0,0,0,0,0,0,0,-8,50
hk-nl-f-kampong-anne-berends,Anne Berends,Kampong,Kampong D1,69,66,Silver,58,2,4,0,0,0,3,0,-1,66
hk-nl-m-kampong-luis-calzado,Luis Calzado,Kampong,Kampong H1,73,68,Silver,58,3,4,0,0,0,3,0,0,68
hk-nl-m-kampong-bram-van-battum,Bram van Battum,Kampong,Kampong H1,72,50,Bronze,58,0,0,0,0,0,0,0,-8,50
hk-nl-m-kampong-caspar-dobbelaar,Caspar Dobbelaar,Kampong,Kampong H1,72,50,Bronze,58,0,0,0,0,0,0,0,-8,50
hk-nl-m-kampong-jip-janssen,Jip Janssen,Kampong,Kampong H1,72,75,Gold,58,1,4,12,0,0,3,0,-3,75
hk-nl-m-kampong-lars-balk,Lars Balk,Kampong,Kampong H1,76,68,Silver,58,1,0,12,0,0,0,2,-5,68
hk-nl-m-kampong-derck-de-vilder,Derck de Vilder,Kampong,Kampong H1,70,64,Silver,58,0,0,12,0,0,0,0,-6,64
hk-nl-m-kampong-jonas-de-geus,Jonas de Geus,Kampong,Kampong H1,70,66,Silver,58,1,0,12,0,0,0,0,-5,66
hk-nl-m-kampong-duco-telgenkamp,Duco Telgenkamp,Kampong,Kampong H1,70,83,Elite,58,1,9,12,0,0,6,0,-3,83
hk-nl-m-kampong-terrance-pieters,Terrance Pieters,Kampong,Kampong H1,70,66,Silver,58,1,0,12,0,0,0,0,-5,66
hk-nl-m-kampong-kjell-plantenga,Kjell Plantenga,Kampong,Kampong H1,70,50,Bronze,58,0,0,0,0,0,0,0,-8,50
hk-nl-m-kampong-sander-de-wijn,Sander de Wijn,Kampong,Kampong H1,70,52,Bronze,58,1,0,0,0,0,0,0,-7,52
hk-nl-m-kampong-jens-de-vuijst,Jens de Vuijst,Kampong,Kampong H1,68,50,Bronze,58,0,0,0,0,0,0,0,-8,50
hk-nl-m-kampong-rik-sprengers,Rik Sprengers,Kampong,Kampong H1,68,60,Silver,58,0,4,0,0,0,4,0,-6,60
hk-nl-m-kampong-thies-bakker,Thies Bakker,Kampong,Kampong H1,68,57,Bronze,58,0,0,5,0,0,0,0,-6,57
hk-nl-m-kampong-finn-van-bijnen,Finn van Bijnen,Kampong,Kampong H1,68,62,Silver,58,0,5,0,0,0,5,0,-6,62
hk-nl-m-kampong-hidde-plantenga,Hidde Plantenga,Kampong,Kampong H1,68,50,Bronze,58,0,0,0,0,0,0,0,-8,50
hk-nl-m-kampong-mats-gruter,Mats Gruter,Kampong,Kampong H1,68,50,Bronze,58,0,0,0,0,0,0,0,-8,50
hk-nl-m-kampong-sander-van-de-putte,Sander van de Putte,Kampong,Kampong H1,68,63,Silver,58,0,2,5,0,0,2,0,-4,63
hk-nl-m-kampong-diederik-van-den-hoek,Diederik van den Hoek,Kampong,Kampong H1,69,72,Gold,58,2,4,5,0,0,3,0,0,72
hk-nl-m-kampong-hugo-van-beusekom,Hugo van Beusekom,Kampong,Kampong H1,68,50,Bronze,58,0,0,0,0,0,0,0,-8,50
hk-nl-m-kampong-koen-meijerink,Koen Meijerink,Kampong,Kampong H1,68,57,Bronze,58,0,0,5,0,0,0,0,-6,57
hk-nl-m-kampong-silas-lageman,Silas Lageman,Kampong,Kampong H1,68,50,Bronze,58,0,0,0,0,0,0,0,-8,50
hk-nl-m-klein-zwitserland-nicolas-santiago-keenan,Nicolas Santiago Keenan,Klein Zwitserland,Klein Zwitserland H1,76,54,Bronze,58,1,0,0,0,0,0,2,-7,54
hk-nl-m-klein-zwitserland-aki-kappeler,Aki Käppeler,Klein Zwitserland,Klein Zwitserland H1,76,68,Silver,58,1,7,0,0,0,5,2,-5,68
hk-nl-m-klein-zwitserland-lars-daniels,Lars Daniels,Klein Zwitserland,Klein Zwitserland H1,72,50,Bronze,58,0,0,0,0,0,0,0,-8,50
hk-nl-m-klein-zwitserland-ties-klinkhamer,Ties Klinkhamer,Klein Zwitserland,Klein Zwitserland H1,72,50,Bronze,58,0,0,0,0,0,0,0,-8,50
hk-nl-m-klein-zwitserland-douwe-steens,Douwe Steens,Klein Zwitserland,Klein Zwitserland H1,76,52,Bronze,58,0,0,0,0,0,0,2,-8,52
hk-nl-m-klein-zwitserland-adrian-lehmann-richter,Adrian Lehmann-Richter,Klein Zwitserland,Klein Zwitserland H1,70,52,Bronze,58,1,0,0,0,0,0,0,-7,52
hk-nl-m-klein-zwitserland-chad-futcher,Chad Futcher,Klein Zwitserland,Klein Zwitserland H1,70,58,Silver,58,1,2,0,0,0,2,0,-5,58
hk-nl-m-klein-zwitserland-lucas-toscani,Lucas Toscani,Klein Zwitserland,Klein Zwitserland H1,70,52,Bronze,58,1,0,0,0,0,0,0,-7,52
hk-nl-m-klein-zwitserland-pepijn-jones,Pepijn Jones,Klein Zwitserland,Klein Zwitserland H1,70,57,Bronze,58,0,0,5,0,0,0,0,-6,57
hk-nl-m-klein-zwitserland-koene-schaper,Koene Schaper,Klein Zwitserland,Klein Zwitserland H1,75,68,Silver,58,2,4,0,0,0,3,2,-1,68
hk-nl-m-klein-zwitserland-willem-van-campen,Willem van Campen,Klein Zwitserland,Klein Zwitserland H1,70,60,Silver,58,0,4,0,0,0,4,0,-6,60
hk-nl-m-klein-zwitserland-joaquin-toscani,Joaquin Toscani,Klein Zwitserland,Klein Zwitserland H1,68,52,Bronze,58,1,0,0,0,0,0,0,-7,52
hk-nl-m-klein-zwitserland-jochem-bakker,Jochem Bakker,Klein Zwitserland,Klein Zwitserland H1,68,50,Bronze,58,0,0,0,0,0,0,0,-8,50
hk-nl-m-klein-zwitserland-florent-vaal,Florent Vaal,Klein Zwitserland,Klein Zwitserland H1,68,50,Bronze,58,0,0,0,0,0,0,0,-8,50
hk-nl-m-klein-zwitserland-linus-michler,Linus Michler,Klein Zwitserland,Klein Zwitserland H1,68,52,Bronze,58,1,0,0,0,0,0,0,-7,52
hk-nl-m-klein-zwitserland-tom-schneider,Tom Schneider,Klein Zwitserland,Klein Zwitserland H1,68,52,Bronze,58,1,0,0,0,0,0,0,-7,52
hk-nl-m-klein-zwitserland-jonas-ellerman,Jonas Ellerman,Klein Zwitserland,Klein Zwitserland H1,68,50,Bronze,58,0,0,0,0,0,0,0,-8,50
hk-nl-m-klein-zwitserland-pepe-bijlaard,Pepe Bijlaard,Klein Zwitserland,Klein Zwitserland H1,68,50,Bronze,58,0,0,0,0,0,0,0,-8,50
hk-nl-m-klein-zwitserland-philip-van-aken,Philip van Aken,Klein Zwitserland,Klein Zwitserland H1,68,50,Bronze,58,0,0,0,0,0,0,0,-8,50
hk-nl-m-klein-zwitserland-stepan-klaban,Štěpán Klaban,Klein Zwitserland,Klein Zwitserland H1,68,52,Bronze,58,1,0,0,0,0,0,0,-7,52
hk-nl-m-klein-zwitserland-julian-seckel,Julian Seckel,Klein Zwitserland,Klein Zwitserland H1,69,68,Silver,58,3,4,0,0,0,3,0,0,68
hk-nl-m-klein-zwitserland-maurik-smits,Maurik Smits,Klein Zwitserland,Klein Zwitserland H1,68,50,Bronze,58,0,0,0,0,0,0,0,-8,50
hk-nl-m-laren-estiaan-kriek,Estiaan Kriek,Laren,Laren H1,73,68,Silver,58,3,4,0,0,0,3,0,0,68
hk-nl-m-laren-pelle-vos,Pelle Vos,Laren,Laren H1,72,50,Bronze,58,0,0,0,0,0,0,0,-8,50
hk-nl-m-laren-pieter-paul-houting,Pieter Paul Houting,Laren,Laren H1,72,50,Bronze,58,0,0,0,0,0,0,0,-8,50
hk-nl-m-laren-thomas-vis,Thomas Vis,Laren,Laren H1,72,56,Bronze,58,0,2,0,0,0,2,0,-6,56
hk-nl-m-laren-diederick-van-berckel,Diederick van Berckel,Laren,Laren H1,76,52,Bronze,58,0,0,0,0,0,0,2,-8,52
hk-nl-m-laren-valentijn-charbon,Valentijn Charbon,Laren,Laren H1,70,56,Bronze,58,0,2,0,0,0,2,0,-6,56
hk-nl-m-laren-luke-friederich,Luke Friederich,Laren,Laren H1,70,58,Silver,58,1,2,0,0,0,2,0,-5,58
hk-nl-m-laren-thomas-selles,Thomas Selles,Laren,Laren H1,70,50,Bronze,58,0,0,0,0,0,0,0,-8,50
hk-nl-m-laren-wout-kooijman,Wout Kooijman,Laren,Laren H1,70,50,Bronze,58,0,0,0,0,0,0,0,-8,50
hk-nl-m-laren-balder-reyenga,Balder Reyenga,Laren,Laren H1,70,57,Bronze,58,0,0,5,0,0,0,0,-6,57
hk-nl-m-laren-berend-van-langeveld,Berend van Langeveld,Laren,Laren H1,70,50,Bronze,58,0,0,0,0,0,0,0,-8,50
hk-nl-m-laren-ruben-van-meer,Ruben van Meer,Laren,Laren H1,68,50,Bronze,58,0,0,0,0,0,0,0,-8,50
hk-nl-m-laren-floris-van-der-wal,Floris van der Wal,Laren,Laren H1,68,50,Bronze,58,0,0,0,0,0,0,0,-8,50
hk-nl-m-laren-sybren-loman,Sybren Loman,Laren,Laren H1,68,50,Bronze,58,0,0,0,0,0,0,0,-8,50
hk-nl-m-laren-joep-hagendoorn,Joep Hagendoorn,Laren,Laren H1,68,50,Bronze,58,0,0,0,0,0,0,0,-8,50
hk-nl-m-laren-teun-van-uunen,Teun van Uunen,Laren,Laren H1,68,56,Bronze,58,0,2,0,0,0,2,0,-6,56
hk-nl-m-laren-stan-thoolen,Stan Thoolen,Laren,Laren H1,68,50,Bronze,58,0,0,0,0,0,0,0,-8,50
hk-nl-m-laren-quinten-moojen,Quinten Moojen,Laren,Laren H1,68,50,Bronze,58,0,0,0,0,0,0,0,-8,50
hk-nl-m-laren-bart-de-nie,Bart de Nie,Laren,Laren H1,69,66,Silver,58,2,4,0,0,0,3,0,-1,66
hk-nl-m-laren-giovanni-brand,Giovanni Brand,Laren,Laren H1,69,74,Gold,58,3,4,5,0,0,3,0,1,74
hk-nl-m-laren-kenneth-bain,Kenneth Bain,Laren,Laren H1,68,52,Bronze,58,1,0,0,0,0,0,0,-7,52
hk-nl-m-laren-xavier-van-de-kasteele,Xavier van de Kasteele,Laren,Laren H1,68,50,Bronze,58,0,0,0,0,0,0,0,-8,50
hk-nl-f-oranje-rood-vivienne-peters,Vivienne Peters,Oranje-Rood,Oranje-Rood D1,76,52,Bronze,58,0,0,0,0,0,0,2,-8,52
hk-nl-f-oranje-rood-amber-brouwer,Amber Brouwer,Oranje-Rood,Oranje-Rood D1,72,50,Bronze,58,0,0,0,0,0,0,0,-8,50
hk-nl-f-oranje-rood-juul-van-der-velden,Juul van der Velden,Oranje-Rood,Oranje-Rood D1,72,50,Bronze,58,0,0,0,0,0,0,0,-8,50
hk-nl-f-oranje-rood-madelief-de-beer,Madelief de Beer,Oranje-Rood,Oranje-Rood D1,72,55,Bronze,58,0,2,0,0,0,1,0,-6,55
hk-nl-f-oranje-rood-pheline-vos,Pheline Vos,Oranje-Rood,Oranje-Rood D1,72,57,Bronze,58,0,0,5,0,0,0,0,-6,57
hk-nl-f-oranje-rood-jolien-bogers,Jolien Bogers,Oranje-Rood,Oranje-Rood D1,70,50,Bronze,58,0,0,0,0,0,0,0,-8,50
hk-nl-f-oranje-rood-pieke-van-de-pas,Pieke van de Pas,Oranje-Rood,Oranje-Rood D1,70,50,Bronze,58,0,0,0,0,0,0,0,-8,50
hk-nl-f-oranje-rood-lynn-vasterink,Lynn Vasterink,Oranje-Rood,Oranje-Rood D1,70,55,Bronze,58,0,2,0,0,0,1,0,-6,55
hk-nl-f-oranje-rood-merel-voermans,Merel Voermans,Oranje-Rood,Oranje-Rood D1,70,50,Bronze,58,0,0,0,0,0,0,0,-8,50
hk-nl-f-oranje-rood-lucie-ehrmann,Lucie Ehrmann,Oranje-Rood,Oranje-Rood D1,71,69,Silver,58,3,4,0,0,0,3,0,1,69
hk-nl-f-oranje-rood-renske-van-limpt,Renske van Limpt,Oranje-Rood,Oranje-Rood D1,71,66,Silver,58,2,4,0,0,0,3,0,-1,66
hk-nl-f-oranje-rood-margje-van-der-loo,Margje van der Loo,Oranje-Rood,Oranje-Rood D1,68,50,Bronze,58,0,0,0,0,0,0,0,-8,50
hk-nl-f-oranje-rood-sara-puglisi,Sara Puglisi,Oranje-Rood,Oranje-Rood D1,68,52,Bronze,58,1,0,0,0,0,0,0,-7,52
hk-nl-f-oranje-rood-thirsa-kho,Thirsa Kho,Oranje-Rood,Oranje-Rood D1,68,56,Bronze,58,0,2,0,0,0,2,0,-6,56
hk-nl-f-oranje-rood-loeki-treffers,Loeki Treffers,Oranje-Rood,Oranje-Rood D1,68,50,Bronze,58,0,0,0,0,0,0,0,-8,50
hk-nl-f-oranje-rood-brechje-scheepers,Brechje Scheepers,Oranje-Rood,Oranje-Rood D1,68,50,Bronze,58,0,0,0,0,0,0,0,-8,50
hk-nl-f-oranje-rood-charlotte-schrijvers,Charlotte Schrijvers,Oranje-Rood,Oranje-Rood D1,68,50,Bronze,58,0,0,0,0,0,0,0,-8,50
hk-nl-f-oranje-rood-bibi-donraadt,Bibi Donraadt,Oranje-Rood,Oranje-Rood D1,68,50,Bronze,58,0,0,0,0,0,0,0,-8,50
hk-nl-f-oranje-rood-julianna-tornetta,Julianna Tornetta,Oranje-Rood,Oranje-Rood D1,68,57,Bronze,58,1,2,0,0,0,1,0,-5,57
hk-nl-f-oranje-rood-babs-van-hest,Babs van Hest,Oranje-Rood,Oranje-Rood D1,68,50,Bronze,58,0,0,0,0,0,0,0,-8,50
hk-nl-f-oranje-rood-lara-raaijmakers,Lara Raaijmakers,Oranje-Rood,Oranje-Rood D1,68,50,Bronze,58,0,0,0,0,0,0,0,-8,50
hk-nl-f-oranje-rood-lisa-scheerlinck,Lisa Scheerlinck,Oranje-Rood,Oranje-Rood D1,68,52,Bronze,58,1,0,0,0,0,0,0,-7,52
hk-nl-m-oranje-rood-joep-de-mol,Joep de Mol,Oranje-Rood,Oranje-Rood H1,76,68,Silver,58,1,0,12,0,0,0,2,-5,68
hk-nl-m-oranje-rood-tijmen-reyenga,Tijmen Reyenga,Oranje-Rood,Oranje-Rood H1,72,78,Gold,58,0,7,12,0,0,5,0,-4,78
hk-nl-m-oranje-rood-max-de-bie,Max de Bie,Oranje-Rood,Oranje-Rood H1,72,64,Silver,58,0,0,12,0,0,0,0,-6,64
hk-nl-m-oranje-rood-arthur-de-sloover,Arthur de Sloover,Oranje-Rood,Oranje-Rood H1,72,52,Bronze,58,1,0,0,0,0,0,0,-7,52
hk-nl-m-oranje-rood-gerard-clapes,Gerard Clapes,Oranje-Rood,Oranje-Rood H1,72,52,Bronze,58,1,0,0,0,0,0,0,-7,52
hk-nl-m-oranje-rood-borja-lacalle,Borja LaCalle,Oranje-Rood,Oranje-Rood H1,70,52,Bronze,58,1,0,0,0,0,0,0,-7,52
hk-nl-m-oranje-rood-struan-walker,Struan Walker,Oranje-Rood,Oranje-Rood H1,70,73,Gold,58,1,13,0,0,0,6,0,-5,73
hk-nl-m-oranje-rood-henrik-mertgens,Henrik Mertgens,Oranje-Rood,Oranje-Rood H1,70,67,Silver,58,1,7,0,0,0,6,0,-5,67
hk-nl-m-oranje-rood-pol-cabre-verdiell-badia,Pol Cabre-Verdiell Badia,Oranje-Rood,Oranje-Rood H1,70,52,Bronze,58,1,0,0,0,0,0,0,-7,52
hk-nl-m-oranje-rood-jelle-galema,Jelle Galema,Oranje-Rood,Oranje-Rood H1,70,59,Silver,58,1,2,0,0,0,3,0,-5,59
hk-nl-m-oranje-rood-bob-de-voogd,Bob de Voogd,Oranje-Rood,Oranje-Rood H1,70,52,Bronze,58,1,0,0,0,0,0,0,-7,52
hk-nl-m-oranje-rood-florian-gosselink,Florian Gosselink,Oranje-Rood,Oranje-Rood H1,68,50,Bronze,58,0,0,0,0,0,0,0,-8,50
hk-nl-m-oranje-rood-jacky-van-hout,Jacky van Hout,Oranje-Rood,Oranje-Rood H1,68,50,Bronze,58,0,0,0,0,0,0,0,-8,50
hk-nl-m-oranje-rood-sem-de-roij,Sem de Roij,Oranje-Rood,Oranje-Rood H1,68,57,Bronze,58,0,0,5,0,0,0,0,-6,57
hk-nl-m-oranje-rood-boaz-houben,Boaz Houben,Oranje-Rood,Oranje-Rood H1,68,57,Bronze,58,0,0,5,0,0,0,0,-6,57
hk-nl-m-oranje-rood-gijs-van-merrienboer,Gijs van Merriënboer,Oranje-Rood,Oranje-Rood H1,68,50,Bronze,58,0,0,0,0,0,0,0,-8,50
hk-nl-m-oranje-rood-thijs-bams,Thijs Bams,Oranje-Rood,Oranje-Rood H1,68,50,Bronze,58,0,0,0,0,0,0,0,-8,50
hk-nl-m-oranje-rood-isha-houben,Isha Houben,Oranje-Rood,Oranje-Rood H1,68,50,Bronze,58,0,0,0,0,0,0,0,-8,50
hk-nl-m-oranje-rood-noud-van-deijck,Noud van Deijck,Oranje-Rood,Oranje-Rood H1,68,50,Bronze,58,0,0,0,0,0,0,0,-8,50
hk-nl-m-oranje-rood-niek-van-der-schoot,Niek van der Schoot,Oranje-Rood,Oranje-Rood H1,68,50,Bronze,58,0,0,0,0,0,0,0,-8,50
hk-nl-m-oranje-rood-tomas-santiago,Tomas Santiago,Oranje-Rood,Oranje-Rood H1,69,68,Silver,58,3,4,0,0,0,3,0,0,68
hk-nl-m-oranje-rood-nieki-verbeek,Nieki Verbeek,Oranje-Rood,Oranje-Rood H1,69,66,Silver,58,2,4,0,0,0,3,0,-1,66
hk-nl-f-pinoke-maria-steensma,Maria Steensma,Pinoké,Pinoké D1,72,50,Bronze,58,0,0,0,0,0,0,0,-8,50
hk-nl-f-pinoke-kiki-rozemeijer,Kiki Rozemeijer,Pinoké,Pinoké D1,76,52,Bronze,58,0,0,0,0,0,0,2,-8,52
hk-nl-f-pinoke-josephine-murray,Josephine Murray,Pinoké,Pinoké D1,72,52,Bronze,58,1,0,0,0,0,0,0,-7,52
hk-nl-f-pinoke-pam-van-der-laan,Pam van der Laan,Pinoké,Pinoké D1,72,50,Bronze,58,0,0,0,0,0,0,0,-8,50
hk-nl-f-pinoke-tessa-beetsma,Tessa Beetsma,Pinoké,Pinoké D1,72,55,Bronze,58,0,2,0,0,0,1,0,-6,55
hk-nl-f-pinoke-lana-kalse,Lana Kalse,Pinoké,Pinoké D1,70,65,Silver,58,0,7,0,0,0,6,0,-6,65
hk-nl-f-pinoke-floor-de-haan,Floor de Haan,Pinoké,Pinoké D1,70,58,Silver,58,1,2,0,0,0,2,0,-5,58
hk-nl-f-pinoke-sam-luttmer,Sam Luttmer,Pinoké,Pinoké D1,70,56,Bronze,58,0,2,0,0,0,2,0,-6,56
hk-nl-f-pinoke-marloes-timmermans,Marloes Timmermans,Pinoké,Pinoké D1,70,50,Bronze,58,0,0,0,0,0,0,0,-8,50
hk-nl-f-pinoke-bente-jager,Bente Jager,Pinoké,Pinoké D1,70,50,Bronze,58,0,0,0,0,0,0,0,-8,50
hk-nl-f-pinoke-anouk-stam,Anouk Stam,Pinoké,Pinoké D1,70,50,Bronze,58,0,0,0,0,0,0,0,-8,50
hk-nl-f-pinoke-elin-van-erk,Elin van Erk,Pinoké,Pinoké D1,68,58,Silver,58,1,2,0,0,0,2,0,-5,58
hk-nl-f-pinoke-flo-klinkhamer,Flo Klinkhamer,Pinoké,Pinoké D1,68,50,Bronze,58,0,0,0,0,0,0,0,-8,50
hk-nl-f-pinoke-amber-ezechiels,Amber Ezechiels,Pinoké,Pinoké D1,68,50,Bronze,58,0,0,0,0,0,0,0,-8,50
hk-nl-f-pinoke-nina-van-der-marel,Nina van der Marel,Pinoké,Pinoké D1,68,50,Bronze,58,0,0,0,0,0,0,0,-8,50
hk-nl-f-pinoke-florine-rodenburg,Florine Rodenburg,Pinoké,Pinoké D1,68,57,Bronze,58,0,0,5,0,0,0,0,-6,57
hk-nl-f-pinoke-eliana-boekhoven,Eliana Boekhoven,Pinoké,Pinoké D1,68,50,Bronze,58,0,0,0,0,0,0,0,-8,50
hk-nl-f-pinoke-juul-sauer,Juul Sauer,Pinoké,Pinoké D1,68,57,Bronze,58,0,0,5,0,0,0,0,-6,57
hk-nl-f-pinoke-anouk-slotema,Anouk Slotema,Pinoké,Pinoké D1,68,57,Bronze,58,0,0,5,0,0,0,0,-6,57
hk-nl-f-pinoke-meeuw-tulp,Meeuw Tulp,Pinoké,Pinoké D1,68,50,Bronze,58,0,0,0,0,0,0,0,-8,50
hk-nl-f-pinoke-kiki-gunneman,Kiki Gunneman,Pinoké,Pinoké D1,69,66,Silver,58,2,4,0,0,0,3,0,-1,66
hk-nl-f-pinoke-marit-van-buul,Marit van Buul,Pinoké,Pinoké D1,69,72,Gold,58,2,4,5,0,0,3,0,0,72
hk-nl-m-pinoke-hidde-brink,Hidde Brink,Pinoké,Pinoké H1,73,79,Gold,58,2,4,12,0,0,3,0,0,79
hk-nl-m-pinoke-jack-waller,Jack Waller,Pinoké,Pinoké H1,72,52,Bronze,58,1,0,0,0,0,0,0,-7,52
hk-nl-m-pinoke-jacob-draper,Jacob Draper,Pinoké,Pinoké H1,76,54,Bronze,58,1,0,0,0,0,0,2,-7,54
hk-nl-m-pinoke-florent-van-aubel,Florent van Aubel,Pinoké,Pinoké H1,72,67,Silver,58,1,7,0,0,0,6,0,-5,67
hk-nl-m-pinoke-miles-bukkens,Miles Bukkens,Pinoké,Pinoké H1,72,81,Gold,58,0,9,12,0,0,6,0,-4,81
hk-nl-m-pinoke-daan-bonhof,Daan Bonhof,Pinoké,Pinoké H1,70,50,Bronze,58,0,0,0,0,0,0,0,-8,50
hk-nl-m-pinoke-luca-wolff,Luca Wolff,Pinoké,Pinoké H1,70,52,Bronze,58,1,0,0,0,0,0,0,-7,52
hk-nl-m-pinoke-teo-hinrichs,Teo Hinrichs,Pinoké,Pinoké H1,70,52,Bronze,58,1,0,0,0,0,0,0,-7,52
hk-nl-m-pinoke-thies-prinz,Thies Prinz,Pinoké,Pinoké H1,70,52,Bronze,58,1,0,0,0,0,0,0,-7,52
hk-nl-m-pinoke-pieter-sutorius,Pieter Sutorius,Pinoké,Pinoké H1,70,50,Bronze,58,0,0,0,0,0,0,0,-8,50
hk-nl-m-pinoke-tim-knapper,Tim Knapper,Pinoké,Pinoké H1,70,57,Bronze,58,0,0,5,0,0,0,0,-6,57
hk-nl-m-pinoke-jannis-van-hattum,Jannis van Hattum,Pinoké,Pinoké H1,68,50,Bronze,58,0,0,0,0,0,0,0,-8,50
hk-nl-m-pinoke-boris-aardenburg,Boris Aardenburg,Pinoké,Pinoké H1,68,57,Bronze,58,0,2,0,0,0,3,0,-6,57
hk-nl-m-pinoke-joep-troost,Joep Troost,Pinoké,Pinoké H1,68,70,Gold,58,0,12,0,0,0,6,0,-6,70
hk-nl-m-pinoke-texas-bukkens,Texas Bukkens,Pinoké,Pinoké H1,68,50,Bronze,58,0,0,0,0,0,0,0,-8,50
hk-nl-m-pinoke-indra-aerts,Indra Aerts,Pinoké,Pinoké H1,68,56,Bronze,58,0,2,0,0,0,2,0,-6,56
hk-nl-m-pinoke-joppe-stappenbelt,Joppe Stappenbelt,Pinoké,Pinoké H1,68,50,Bronze,58,0,0,0,0,0,0,0,-8,50
hk-nl-m-pinoke-iwan-roukema,Iwan Roukema,Pinoké,Pinoké H1,68,57,Bronze,58,0,0,5,0,0,0,0,-6,57
hk-nl-m-pinoke-pepijn-van-der-valk,Pepijn van der Valk,Pinoké,Pinoké H1,68,57,Bronze,58,0,0,5,0,0,0,0,-6,57
hk-nl-m-pinoke-jimi-kummer,Jimi Kummer,Pinoké,Pinoké H1,68,57,Bronze,58,0,0,5,0,0,0,0,-6,57
hk-nl-m-pinoke-gijs-somers,Gijs Somers,Pinoké,Pinoké H1,68,57,Bronze,58,0,0,5,0,0,0,0,-6,57
hk-nl-m-pinoke-ralph-grevenstuk,Ralph Grevenstuk,Pinoké,Pinoké H1,69,72,Gold,58,2,4,5,0,0,3,0,0,72
hk-nl-f-rotterdam-emma-van-santbrink,Emma van Santbrink,Rotterdam,Rotterdam D1,76,52,Bronze,58,0,0,0,0,0,0,2,-8,52
hk-nl-f-rotterdam-myrthe-van-kesteren,Myrthe van Kesteren,Rotterdam,Rotterdam D1,72,56,Bronze,58,0,2,0,0,0,2,0,-6,56
hk-nl-f-rotterdam-brechtje-van-santbrink,Brechtje van Santbrink,Rotterdam,Rotterdam D1,72,63,Silver,58,0,2,5,0,0,2,0,-4,63
hk-nl-f-rotterdam-caoimhe-perdue,Caoimhe Perdue,Rotterdam,Rotterdam D1,72,52,Bronze,58,1,0,0,0,0,0,0,-7,52
hk-nl-f-rotterdam-merel-boekhorst,Merel Boekhorst,Rotterdam,Rotterdam D1,72,50,Bronze,58,0,0,0,0,0,0,0,-8,50
hk-nl-f-rotterdam-amber-van-den-dijssel,Amber van den Dijssel,Rotterdam,Rotterdam D1,70,50,Bronze,58,0,0,0,0,0,0,0,-8,50
hk-nl-f-rotterdam-lieke-elsman,Lieke Elsman,Rotterdam,Rotterdam D1,70,50,Bronze,58,0,0,0,0,0,0,0,-8,50
hk-nl-f-rotterdam-julie-van-dam,Julie van Dam,Rotterdam,Rotterdam D1,70,55,Bronze,58,0,2,0,0,0,1,0,-6,55
hk-nl-f-rotterdam-noor-omrani,Noor Omrani,Rotterdam,Rotterdam D1,70,50,Bronze,58,0,0,0,0,0,0,0,-8,50
hk-nl-f-rotterdam-daphne-koolhaas,Daphne Koolhaas,Rotterdam,Rotterdam D1,70,50,Bronze,58,0,0,0,0,0,0,0,-8,50
hk-nl-f-rotterdam-kirsten-zennemers,Kirsten Zennemers,Rotterdam,Rotterdam D1,70,50,Bronze,58,0,0,0,0,0,0,0,-8,50
hk-nl-f-rotterdam-iris-hollander,Iris Hollander,Rotterdam,Rotterdam D1,68,50,Bronze,58,0,0,0,0,0,0,0,-8,50
hk-nl-f-rotterdam-melle-vaessen,Melle Vaessen,Rotterdam,Rotterdam D1,68,50,Bronze,58,0,0,0,0,0,0,0,-8,50
hk-nl-f-rotterdam-isis-van-der-kooij,Isis van der Kooij,Rotterdam,Rotterdam D1,68,50,Bronze,58,0,0,0,0,0,0,0,-8,50
hk-nl-f-rotterdam-joy-haarman,Joy Haarman,Rotterdam,Rotterdam D1,68,50,Bronze,58,0,0,0,0,0,0,0,-8,50
hk-nl-f-rotterdam-bobbi-dijk,Bobbi Dijk,Rotterdam,Rotterdam D1,68,62,Silver,58,0,2,5,0,0,1,0,-4,62
hk-nl-f-rotterdam-iris-langejans,Iris Langejans,Rotterdam,Rotterdam D1,68,50,Bronze,58,0,0,0,0,0,0,0,-8,50
hk-nl-f-rotterdam-jaidy-greebe,Jaidy Greebe,Rotterdam,Rotterdam D1,68,50,Bronze,58,0,0,0,0,0,0,0,-8,50
hk-nl-f-rotterdam-danique-lucieer,Danique Lucieer,Rotterdam,Rotterdam D1,68,50,Bronze,58,0,0,0,0,0,0,0,-8,50
hk-nl-f-rotterdam-kelsey-bing,Kelsey Bing,Rotterdam,Rotterdam D1,69,69,Silver,58,3,4,0,0,0,3,0,1,69
hk-nl-f-rotterdam-olivia-van-der-knaap,Olivia van der Knaap,Rotterdam,Rotterdam D1,69,66,Silver,58,2,4,0,0,0,3,0,-1,66
hk-nl-f-rotterdam-mascha-sterk,Mascha Sterk,Rotterdam,Rotterdam D1,68,50,Bronze,58,0,0,0,0,0,0,0,-8,50
hk-nl-m-rotterdam-derk-meijer,Derk Meijer,Rotterdam,Rotterdam H1,73,79,Gold,58,2,4,12,0,0,3,0,0,79
hk-nl-m-rotterdam-thijs-van-dam,Thijs van Dam,Rotterdam,Rotterdam H1,76,78,Gold,58,1,4,12,0,0,4,2,-3,78
hk-nl-m-rotterdam-pepijn-van-der-heijden,Pepijn van der Heijden,Rotterdam,Rotterdam H1,72,83,Elite,58,0,11,12,0,0,6,0,-4,83
hk-nl-m-rotterdam-justen-blok,Justen Blok,Rotterdam,Rotterdam H1,72,64,Silver,58,0,0,12,0,0,0,0,-6,64
hk-nl-m-rotterdam-steijn-van-heijningen,Steijn van Heijningen,Rotterdam,Rotterdam H1,72,64,Silver,58,0,0,12,0,0,0,0,-6,64
hk-nl-m-rotterdam-olivier-hortensius,Olivier Hortensius,Rotterdam,Rotterdam H1,70,74,Gold,58,0,4,12,0,0,4,0,-4,74
hk-nl-m-rotterdam-tjep-hoedemakers,Tjep Hoedemakers,Rotterdam,Rotterdam H1,70,78,Gold,58,1,5,12,0,0,5,0,-3,78
hk-nl-m-rotterdam-joaquin-menini,Joaquín Menini,Rotterdam,Rotterdam H1,70,52,Bronze,58,1,0,0,0,0,0,0,-7,52
hk-nl-m-rotterdam-marc-recasens,Marc Recasens,Rotterdam,Rotterdam H1,70,52,Bronze,58,1,0,0,0,0,0,0,-7,52
hk-nl-m-rotterdam-lars-zijderveld,Lars Zijderveld,Rotterdam,Rotterdam H1,71,66,Silver,58,2,4,0,0,0,3,0,-1,66
hk-nl-m-rotterdam-lucas-van-tetering,Lucas van Tetering,Rotterdam,Rotterdam H1,70,50,Bronze,58,0,0,0,0,0,0,0,-8,50
hk-nl-m-rotterdam-vincent-langenhuijsen,Vincent Langenhuijsen,Rotterdam,Rotterdam H1,68,50,Bronze,58,0,0,0,0,0,0,0,-8,50
hk-nl-m-rotterdam-bouwe-buitenhuis,Bouwe Buitenhuis,Rotterdam,Rotterdam H1,68,50,Bronze,58,0,0,0,0,0,0,0,-8,50
hk-nl-m-rotterdam-dylan-lucieer,Dylan Lucieer,Rotterdam,Rotterdam H1,68,50,Bronze,58,0,0,0,0,0,0,0,-8,50
hk-nl-m-rotterdam-timme-van-der-heijden,Timme van der Heijden,Rotterdam,Rotterdam H1,68,69,Silver,58,0,5,5,0,0,5,0,-4,69
hk-nl-m-rotterdam-nick-van-trigt,Nick van Trigt,Rotterdam,Rotterdam H1,68,60,Silver,58,0,4,0,0,0,4,0,-6,60
hk-nl-m-rotterdam-jesse-steenhoff,Jesse Steenhoff,Rotterdam,Rotterdam H1,68,50,Bronze,58,0,0,0,0,0,0,0,-8,50
hk-nl-m-rotterdam-matthijs-van-der-wielen,Matthijs van der Wielen,Rotterdam,Rotterdam H1,68,50,Bronze,58,0,0,0,0,0,0,0,-8,50
hk-nl-m-rotterdam-guus-jansen,Guus Jansen,Rotterdam,Rotterdam H1,68,76,Gold,58,0,5,12,0,0,5,0,-4,76
hk-nl-m-rotterdam-menno-boeren,Menno Boeren,Rotterdam,Rotterdam H1,68,50,Bronze,58,0,0,0,0,0,0,0,-8,50
hk-nl-m-rotterdam-jeroen-hertzberger,Jeroen Hertzberger,Rotterdam,Rotterdam H1,68,50,Bronze,58,0,0,0,0,0,0,0,-8,50
hk-nl-m-schaerweijde-pepijn-leenhouts,Pepijn Leenhouts,Schaerweijde,Schaerweijde H1,76,52,Bronze,58,0,0,0,0,0,0,2,-8,52
hk-nl-m-schaerweijde-jelle-westendorp,Jelle Westendorp,Schaerweijde,Schaerweijde H1,72,58,Silver,58,0,4,0,0,0,2,0,-6,58
hk-nl-m-schaerweijde-joost-van-eijck,Joost van Eijck,Schaerweijde,Schaerweijde H1,72,50,Bronze,58,0,0,0,0,0,0,0,-8,50
hk-nl-m-schaerweijde-peppe-veen,Peppe Veen,Schaerweijde,Schaerweijde H1,72,57,Bronze,58,0,0,5,0,0,0,0,-6,57
hk-nl-m-schaerweijde-stijn-draaijer,Stijn Draaijer,Schaerweijde,Schaerweijde H1,72,50,Bronze,58,0,0,0,0,0,0,0,-8,50
hk-nl-m-schaerweijde-lode-draaijer,Lode Draaijer,Schaerweijde,Schaerweijde H1,70,50,Bronze,58,0,0,0,0,0,0,0,-8,50
hk-nl-m-schaerweijde-mick-bosse,Mick Bosse,Schaerweijde,Schaerweijde H1,70,50,Bronze,58,0,0,0,0,0,0,0,-8,50
hk-nl-m-schaerweijde-maarten-bruisten,Maarten Bruisten,Schaerweijde,Schaerweijde H1,70,50,Bronze,58,0,0,0,0,0,0,0,-8,50
hk-nl-m-schaerweijde-daan-troost,Daan Troost,Schaerweijde,Schaerweijde H1,70,50,Bronze,58,0,0,0,0,0,0,0,-8,50
hk-nl-m-schaerweijde-tijs-van-horn,Tijs van Horn,Schaerweijde,Schaerweijde H1,70,50,Bronze,58,0,0,0,0,0,0,0,-8,50
hk-nl-m-schaerweijde-juup-veen,Juup Veen,Schaerweijde,Schaerweijde H1,70,50,Bronze,58,0,0,0,0,0,0,0,-8,50
hk-nl-m-schaerweijde-jaap-solleveld,Jaap Solleveld,Schaerweijde,Schaerweijde H1,68,50,Bronze,58,0,0,0,0,0,0,0,-8,50
hk-nl-m-schaerweijde-graeme-scott,Graeme Scott,Schaerweijde,Schaerweijde H1,68,52,Bronze,58,1,0,0,0,0,0,0,-7,52
hk-nl-m-schaerweijde-niels-de-joode,Niels de Joode,Schaerweijde,Schaerweijde H1,68,56,Bronze,58,0,2,0,0,0,2,0,-6,56
hk-nl-m-schaerweijde-jens-hagen,Jens Hagen,Schaerweijde,Schaerweijde H1,68,50,Bronze,58,0,0,0,0,0,0,0,-8,50
hk-nl-m-schaerweijde-michiel-moret,Michiel Moret,Schaerweijde,Schaerweijde H1,68,50,Bronze,58,0,0,0,0,0,0,0,-8,50
hk-nl-m-schaerweijde-teun-van-aalderen,Teun van Aalderen,Schaerweijde,Schaerweijde H1,68,57,Bronze,58,0,0,5,0,0,0,0,-6,57
hk-nl-m-schaerweijde-thibaut-mordac,Thibaut Mordac,Schaerweijde,Schaerweijde H1,68,52,Bronze,58,1,0,0,0,0,0,0,-7,52
hk-nl-m-schaerweijde-derk-moret,Derk Moret,Schaerweijde,Schaerweijde H1,68,57,Bronze,58,0,0,5,0,0,0,0,-6,57
hk-nl-m-schaerweijde-tom-vermeulen,Tom Vermeulen,Schaerweijde,Schaerweijde H1,68,50,Bronze,58,0,0,0,0,0,0,0,-8,50
hk-nl-m-schaerweijde-mahinder-terlouw,Mahinder Terlouw,Schaerweijde,Schaerweijde H1,69,66,Silver,58,2,4,0,0,0,3,0,-1,66
hk-nl-m-schaerweijde-guus-van-holten,Guus van Holten,Schaerweijde,Schaerweijde H1,69,66,Silver,58,2,4,0,0,0,3,0,-1,66
hk-nl-f-schc-xan-de-waard,Xan de Waard,SCHC,SCHC D1,72,72,Gold,58,1,2,12,0,0,2,0,-3,72
hk-nl-f-schc-yibbi-jansen,Yibbi Jansen,SCHC,SCHC D1,72,86,Elite,58,1,12,12,0,0,6,0,-3,86
hk-nl-f-schc-renee-van-laarhoven,Renee van Laarhoven,SCHC,SCHC D1,76,68,Silver,58,1,0,12,0,0,0,2,-5,68
hk-nl-f-schc-lisa-post,Lisa Post,SCHC,SCHC D1,72,66,Silver,58,1,0,12,0,0,0,0,-5,66
hk-nl-f-schc-pien-dicke,Pien Dicke,SCHC,SCHC D1,72,78,Gold,58,1,5,12,0,0,5,0,-3,78
hk-nl-f-schc-marleen-jochems,Marleen Jochems,SCHC,SCHC D1,70,66,Silver,58,1,0,12,0,0,0,0,-5,66
hk-nl-f-schc-mette-winter,Mette Winter,SCHC,SCHC D1,70,60,Silver,58,0,4,0,0,0,4,0,-6,60
hk-nl-f-schc-maud-van-den-heuvel,Maud van den Heuvel,SCHC,SCHC D1,70,60,Silver,58,0,4,0,0,0,4,0,-6,60
hk-nl-f-schc-jip-dicke,Jip Dicke,SCHC,SCHC D1,70,82,Elite,58,0,10,12,0,0,6,0,-4,82
hk-nl-f-schc-marsha-zwezereijn,Marsha Zwezereijn,SCHC,SCHC D1,71,66,Silver,58,2,4,0,0,0,3,0,-1,66
hk-nl-f-schc-rifka-bakker,Rifka Bakker,SCHC,SCHC D1,71,66,Silver,58,2,4,0,0,0,3,0,-1,66
hk-nl-f-schc-naomi-brunsveld,Naomi Brunsveld,SCHC,SCHC D1,68,50,Bronze,58,0,0,0,0,0,0,0,-8,50
hk-nl-f-schc-isa-van-heerde,Isa van Heerde,SCHC,SCHC D1,68,57,Bronze,58,0,0,5,0,0,0,0,-6,57
hk-nl-f-schc-elzemiek-zandee,Elzemiek Zandee,SCHC,SCHC D1,68,50,Bronze,58,0,0,0,0,0,0,0,-8,50
hk-nl-f-schc-elodie-picard,Elodie Picard,SCHC,SCHC D1,69,68,Silver,58,3,4,0,0,0,3,0,0,68
hk-nl-f-schc-noa-boterman,Noa Boterman,SCHC,SCHC D1,68,50,Bronze,58,0,0,0,0,0,0,0,-8,50
hk-nl-f-schc-mariette-boot,Mariette Boot,SCHC,SCHC D1,68,50,Bronze,58,0,0,0,0,0,0,0,-8,50
hk-nl-f-schc-anna-de-geus,Anna de Geus,SCHC,SCHC D1,68,50,Bronze,58,0,0,0,0,0,0,0,-8,50
hk-nl-f-schc-famke-richardson,Famke Richardson,SCHC,SCHC D1,68,50,Bronze,58,0,0,0,0,0,0,0,-8,50
hk-nl-f-schc-floortje-middelbos,Floortje Middelbos,SCHC,SCHC D1,68,50,Bronze,58,0,0,0,0,0,0,0,-8,50
hk-nl-f-schc-nanieck-mengelberg,Nanieck Mengelberg,SCHC,SCHC D1,68,50,Bronze,58,0,0,0,0,0,0,0,-8,50
hk-nl-f-tilburg-mikki-roberts,Mikki Roberts,Tilburg,Tilburg D1,76,63,Silver,58,1,4,0,0,0,3,2,-5,63
hk-nl-f-tilburg-hannah-salden,Hannah Salden,Tilburg,Tilburg D1,72,50,Bronze,58,0,0,0,0,0,0,0,-8,50
hk-nl-f-tilburg-daphne-nikkels,Daphne Nikkels,Tilburg,Tilburg D1,72,56,Bronze,58,0,2,0,0,0,2,0,-6,56
hk-nl-f-tilburg-iris-dominicus,Iris Dominicus,Tilburg,Tilburg D1,72,56,Bronze,58,0,2,0,0,0,2,0,-6,56
hk-nl-f-tilburg-carmen-victoria,Carmen Victoria,Tilburg,Tilburg D1,72,62,Silver,58,1,4,0,0,0,4,0,-5,62
hk-nl-f-tilburg-lotte-de-heer,Lotte de Heer,Tilburg,Tilburg D1,70,50,Bronze,58,0,0,0,0,0,0,0,-8,50
hk-nl-f-tilburg-sanne-koks,Sanne Koks,Tilburg,Tilburg D1,70,50,Bronze,58,0,0,0,0,0,0,0,-8,50
hk-nl-f-tilburg-merel-tukkers,Merel Tukkers,Tilburg,Tilburg D1,70,50,Bronze,58,0,0,0,0,0,0,0,-8,50
hk-nl-f-tilburg-ingeborg-dijkstra,Ingeborg Dijkstra,Tilburg,Tilburg D1,71,66,Silver,58,2,4,0,0,0,3,0,-1,66
hk-nl-f-tilburg-pleun-wester,Pleun Wester,Tilburg,Tilburg D1,70,50,Bronze,58,0,0,0,0,0,0,0,-8,50
hk-nl-f-tilburg-roos-ezendam,Roos Ezendam,Tilburg,Tilburg D1,70,50,Bronze,58,0,0,0,0,0,0,0,-8,50
hk-nl-f-tilburg-eef-hoyinck,Eef Hoyinck,Tilburg,Tilburg D1,68,50,Bronze,58,0,0,0,0,0,0,0,-8,50
hk-nl-f-tilburg-mijs-berkhemer,Mijs Berkhemer,Tilburg,Tilburg D1,68,50,Bronze,58,0,0,0,0,0,0,0,-8,50
hk-nl-f-tilburg-carolin-hoffmann,Carolin Hoffmann,Tilburg,Tilburg D1,68,52,Bronze,58,1,0,0,0,0,0,0,-7,52
hk-nl-f-tilburg-floor-de-bruin,Floor de Bruin,Tilburg,Tilburg D1,68,50,Bronze,58,0,0,0,0,0,0,0,-8,50
hk-nl-f-tilburg-precious-oud,Precious Oud,Tilburg,Tilburg D1,68,52,Bronze,58,1,0,0,0,0,0,0,-7,52
hk-nl-f-tilburg-merlijn-roodenburg,Merlijn Roodenburg,Tilburg,Tilburg D1,68,50,Bronze,58,0,0,0,0,0,0,0,-8,50
hk-nl-f-tilburg-emmely-bekker,Emmely Bekker,Tilburg,Tilburg D1,68,56,Bronze,58,0,2,0,0,0,2,0,-6,56
hk-nl-f-tilburg-emma-staats,Emma Staats,Tilburg,Tilburg D1,69,66,Silver,58,2,4,0,0,0,3,0,-1,66
hk-nl-f-tilburg-lieke-leeggangers,Lieke Leeggangers,Tilburg,Tilburg D1,68,50,Bronze,58,0,0,0,0,0,0,0,-8,50
hk-nl-f-tilburg-lieke-van-otten,Lieke Van otten,Tilburg,Tilburg D1,68,50,Bronze,58,0,0,0,0,0,0,0,-8,50
hk-nl-f-tilburg-sophie-van-de-velde,Sophie van de Velde,Tilburg,Tilburg D1,68,50,Bronze,58,0,0,0,0,0,0,0,-8,50
