name,gender,club,teamName,nationality,nationalityStatus,nationalitySource,nationalitySourceUrl,nationalityNote
Li Hong,female,Amsterdam,Amsterdam D1,CN,source_based,FIH/news/club-publication cross-check,https://tulphoofdklasse.com/en/news/van-tieners-tot-routiniers-alle-stats-uit-de-spelerslijsten-van-dit-seizoen,International or non-Dutch Hoofdklasse player; needs spot-check against direct profile if status=source_based
Stella van Gils,female,Amsterdam,Amsterdam D1,NL,assumed_nl,Default assumption after FIH/club/news enrichment pass,,Not individually verified; treat as assumed until club/FIH source confirms.
Daantje de Kruijff,female,Amsterdam,Amsterdam D1,NL,assumed_nl,Default assumption after FIH/club/news enrichment pass,,Not individually verified; treat as assumed until club/FIH source confirms.
Sabine Plönissen,female,Amsterdam,Amsterdam D1,DE,source_based,FIH/news/club-publication cross-check,https://tulphoofdklasse.com/en/news/van-tieners-tot-routiniers-alle-stats-uit-de-spelerslijsten-van-dit-seizoen,International or non-Dutch Hoofdklasse player; needs spot-check against direct profile if status=source_based
Gabrielle Mosch,female,Amsterdam,Amsterdam D1,NL,assumed_nl,Default assumption after FIH/club/news enrichment pass,,Not individually verified; treat as assumed until club/FIH source confirms.
Noa Muller,female,Amsterdam,Amsterdam D1,NL,assumed_nl,Default assumption after FIH/club/news enrichment pass,,Not individually verified; treat as assumed until club/FIH source confirms.
Alessia Norbiato,female,Amsterdam,Amsterdam D1,IT,source_based,FIH/news/club-publication cross-check,https://tulphoofdklasse.com/en/news/van-tieners-tot-routiniers-alle-stats-uit-de-spelerslijsten-van-dit-seizoen,International or non-Dutch Hoofdklasse player; needs spot-check against direct profile if status=source_based
Ivy Tellier,female,Amsterdam,Amsterdam D1,NL,assumed_nl,Default assumption after FIH/club/news enrichment pass,,Not individually verified; treat as assumed until club/FIH source confirms.
Katerina Langedijk,female,Amsterdam,Amsterdam D1,NL,assumed_nl,Default assumption after FIH/club/news enrichment pass,,Not individually verified; treat as assumed until club/FIH source confirms.
Renske Balemans,female,Amsterdam,Amsterdam D1,NL,assumed_nl,Default assumption after FIH/club/news enrichment pass,,Not individually verified; treat as assumed until club/FIH source confirms.
Merle Blaffert,female,Amsterdam,Amsterdam D1,NL,assumed_nl,Default assumption after FIH/club/news enrichment pass,,Not individually verified; treat as assumed until club/FIH source confirms.
Reese d' Ariano,female,Amsterdam,Amsterdam D1,NL,assumed_nl,Default assumption after FIH/club/news enrichment pass,,Not individually verified; treat as assumed until club/FIH source confirms.
Fere van der Maarel,female,Amsterdam,Amsterdam D1,NL,assumed_nl,Default assumption after FIH/club/news enrichment pass,,Not individually verified; treat as assumed until club/FIH source confirms.
Charlotte Adegeest,female,Amsterdam,Amsterdam D1,NL,assumed_nl,Default assumption after FIH/club/news enrichment pass,,Not individually verified; treat as assumed until club/FIH source confirms.
Sarah Smit Sibinga,female,Amsterdam,Amsterdam D1,NL,assumed_nl,Default assumption after FIH/club/news enrichment pass,,Not individually verified; treat as assumed until club/FIH source confirms.
Luke Dommershuijzen,male,Amsterdam,Amsterdam H1,NL,assumed_nl,Default assumption after FIH/club/news enrichment pass,,Not individually verified; treat as assumed until club/FIH source confirms.
Lucas Middendorp,male,Amsterdam,Amsterdam H1,NL,assumed_nl,Default assumption after FIH/club/news enrichment pass,,Not individually verified; treat as assumed until club/FIH source confirms.
Boris Burkhardt,male,Amsterdam,Amsterdam H1,NL,assumed_nl,Default assumption after FIH/club/news enrichment pass,,Not individually verified; treat as assumed until club/FIH source confirms.
Floris Middendorp,male,Amsterdam,Amsterdam H1,NL,assumed_nl,Default assumption after FIH/club/news enrichment pass,,Not individually verified; treat as assumed until club/FIH source confirms.
David Huussen,male,Amsterdam,Amsterdam H1,NL,assumed_nl,Default assumption after FIH/club/news enrichment pass,,Not individually verified; treat as assumed until club/FIH source confirms.
Lee Morton,male,Amsterdam,Amsterdam H1,GB,source_based,FIH/news/club-publication cross-check,https://tulphoofdklasse.com/nieuws/van-tieners-tot-routiniers-alle-stats-uit-de-spelerslijsten-van-dit-seizoen,International or non-Dutch Hoofdklasse player; needs spot-check against direct profile if status=source_based
Casper Berkman,male,Amsterdam,Amsterdam H1,NL,assumed_nl,Default assumption after FIH/club/news enrichment pass,,Not individually verified; treat as assumed until club/FIH source confirms.
Brent van Bijnen,male,Amsterdam,Amsterdam H1,NL,assumed_nl,Default assumption after FIH/club/news enrichment pass,,Not individually verified; treat as assumed until club/FIH source confirms.
Tjeerd Boermans,male,Amsterdam,Amsterdam H1,NL,assumed_nl,Default assumption after FIH/club/news enrichment pass,,Not individually verified; treat as assumed until club/FIH source confirms.
Karst Timmer,male,Amsterdam,Amsterdam H1,NL,assumed_nl,Default assumption after FIH/club/news enrichment pass,,Not individually verified; treat as assumed until club/FIH source confirms.
Thije Harm,male,Amsterdam,Amsterdam H1,NL,assumed_nl,Default assumption after FIH/club/news enrichment pass,,Not individually verified; treat as assumed until club/FIH source confirms.
Sam Steins Bisschop,male,Amsterdam,Amsterdam H1,NL,assumed_nl,Default assumption after FIH/club/news enrichment pass,,Not individually verified; treat as assumed until club/FIH source confirms.
Lucas Corstens,male,Amsterdam,Amsterdam H1,NL,assumed_nl,Default assumption after FIH/club/news enrichment pass,,Not individually verified; treat as assumed until club/FIH source confirms.
Sam van der Weijden,male,Amsterdam,Amsterdam H1,NL,assumed_nl,Default assumption after FIH/club/news enrichment pass,,Not individually verified; treat as assumed until club/FIH source confirms.
Joost Tolboom,male,Amsterdam,Amsterdam H1,NL,assumed_nl,Default assumption after FIH/club/news enrichment pass,,Not individually verified; treat as assumed until club/FIH source confirms.
Olivier Paalman,male,Amsterdam,Amsterdam H1,NL,assumed_nl,Default assumption after FIH/club/news enrichment pass,,Not individually verified; treat as assumed until club/FIH source confirms.
Jochem Blok,male,Amsterdam,Amsterdam H1,NL,assumed_nl,Default assumption after FIH/club/news enrichment pass,,Not individually verified; treat as assumed until club/FIH source confirms.
Ankelein Baardemans,female,Bloemendaal,Bloemendaal D1,NL,assumed_nl,Default assumption after FIH/club/news enrichment pass,,Not individually verified; treat as assumed until club/FIH source confirms.
Sterre Bregman,female,Bloemendaal,Bloemendaal D1,NL,assumed_nl,Default assumption after FIH/club/news enrichment pass,,Not individually verified; treat as assumed until club/FIH source confirms.
Pientje Molenaar,female,Bloemendaal,Bloemendaal D1,NL,assumed_nl,Default assumption after FIH/club/news enrichment pass,,Not individually verified; treat as assumed until club/FIH source confirms.
Demi Hilterman,female,Bloemendaal,Bloemendaal D1,NL,assumed_nl,Default assumption after FIH/club/news enrichment pass,,Not individually verified; treat as assumed until club/FIH source confirms.
Phileine Hazen,female,Bloemendaal,Bloemendaal D1,NL,assumed_nl,Default assumption after FIH/club/news enrichment pass,,Not individually verified; treat as assumed until club/FIH source confirms.
Malou Nanninga,female,Bloemendaal,Bloemendaal D1,NL,assumed_nl,Default assumption after FIH/club/news enrichment pass,,Not individually verified; treat as assumed until club/FIH source confirms.
Rosalie Rosman,female,Bloemendaal,Bloemendaal D1,NL,assumed_nl,Default assumption after FIH/club/news enrichment pass,,Not individually verified; treat as assumed until club/FIH source confirms.
Maud Preyde,female,Bloemendaal,Bloemendaal D1,NL,assumed_nl,Default assumption after FIH/club/news enrichment pass,,Not individually verified; treat as assumed until club/FIH source confirms.
Lilli de Nooijer,female,Bloemendaal,Bloemendaal D1,NL,assumed_nl,Default assumption after FIH/club/news enrichment pass,,Not individually verified; treat as assumed until club/FIH source confirms.
Annelies Pos,female,Bloemendaal,Bloemendaal D1,NL,assumed_nl,Default assumption after FIH/club/news enrichment pass,,Not individually verified; treat as assumed until club/FIH source confirms.
Luca Preyde,female,Bloemendaal,Bloemendaal D1,NL,assumed_nl,Default assumption after FIH/club/news enrichment pass,,Not individually verified; treat as assumed until club/FIH source confirms.
Isa Huijbers,female,Bloemendaal,Bloemendaal D1,NL,assumed_nl,Default assumption after FIH/club/news enrichment pass,,Not individually verified; treat as assumed until club/FIH source confirms.
Ryanne van Dooijeweerd,female,Bloemendaal,Bloemendaal D1,NL,assumed_nl,Default assumption after FIH/club/news enrichment pass,,Not individually verified; treat as assumed until club/FIH source confirms.
Mijntje van Campen,female,Bloemendaal,Bloemendaal D1,NL,assumed_nl,Default assumption after FIH/club/news enrichment pass,,Not individually verified; treat as assumed until club/FIH source confirms.
Florien Sondern,female,Bloemendaal,Bloemendaal D1,NL,assumed_nl,Default assumption after FIH/club/news enrichment pass,,Not individually verified; treat as assumed until club/FIH source confirms.
Floks van der Beek,female,Bloemendaal,Bloemendaal D1,NL,assumed_nl,Default assumption after FIH/club/news enrichment pass,,Not individually verified; treat as assumed until club/FIH source confirms.
Sophie Thoolen,female,Bloemendaal,Bloemendaal D1,NL,assumed_nl,Default assumption after FIH/club/news enrichment pass,,Not individually verified; treat as assumed until club/FIH source confirms.
Julie Hoogendoorn,female,Bloemendaal,Bloemendaal D1,NL,assumed_nl,Default assumption after FIH/club/news enrichment pass,,Not individually verified; treat as assumed until club/FIH source confirms.
Isolde Otten,female,Bloemendaal,Bloemendaal D1,NL,assumed_nl,Default assumption after FIH/club/news enrichment pass,,Not individually verified; treat as assumed until club/FIH source confirms.
Diana Beemster,female,Bloemendaal,Bloemendaal D1,NL,assumed_nl,Default assumption after FIH/club/news enrichment pass,,Not individually verified; treat as assumed until club/FIH source confirms.
Maurits Visser,male,Bloemendaal,Bloemendaal H1,NL,assumed_nl,Default assumption after FIH/club/news enrichment pass,,Not individually verified; treat as assumed until club/FIH source confirms.
Jasper Brinkman,male,Bloemendaal,Bloemendaal H1,NL,assumed_nl,Default assumption after FIH/club/news enrichment pass,,Not individually verified; treat as assumed until club/FIH source confirms.
Arno van Dessel,male,Bloemendaal,Bloemendaal H1,BE,source_based,FIH/news/club-publication cross-check,https://tulphoofdklasse.com/nieuws/van-tieners-tot-routiniers-alle-stats-uit-de-spelerslijsten-van-dit-seizoen,International or non-Dutch Hoofdklasse player; needs spot-check against direct profile if status=source_based
Casper van der Veen,male,Bloemendaal,Bloemendaal H1,NL,assumed_nl,Default assumption after FIH/club/news enrichment pass,,Not individually verified; treat as assumed until club/FIH source confirms.
Wiegert Schut,male,Bloemendaal,Bloemendaal H1,NL,assumed_nl,Default assumption after FIH/club/news enrichment pass,,Not individually verified; treat as assumed until club/FIH source confirms.
Lucas Veen,male,Bloemendaal,Bloemendaal H1,NL,assumed_nl,Default assumption after FIH/club/news enrichment pass,,Not individually verified; treat as assumed until club/FIH source confirms.
Gijs ter Braak,male,Bloemendaal,Bloemendaal H1,NL,assumed_nl,Default assumption after FIH/club/news enrichment pass,,Not individually verified; treat as assumed until club/FIH source confirms.
Teun Hogenhout,male,Bloemendaal,Bloemendaal H1,NL,assumed_nl,Default assumption after FIH/club/news enrichment pass,,Not individually verified; treat as assumed until club/FIH source confirms.
Sheldon Schouten,male,Bloemendaal,Bloemendaal H1,NL,assumed_nl,Default assumption after FIH/club/news enrichment pass,,Not individually verified; treat as assumed until club/FIH source confirms.
Jan van 't Land,male,Bloemendaal,Bloemendaal H1,NL,assumed_nl,Default assumption after FIH/club/news enrichment pass,,Not individually verified; treat as assumed until club/FIH source confirms.
Max Langer,male,Bloemendaal,Bloemendaal H1,DE,source_based,FIH/news/club-publication cross-check,https://tulphoofdklasse.com/nieuws/van-tieners-tot-routiniers-alle-stats-uit-de-spelerslijsten-van-dit-seizoen,International or non-Dutch Hoofdklasse player; needs spot-check against direct profile if status=source_based
Tobias Bovelander,male,Bloemendaal,Bloemendaal H1,NL,assumed_nl,Default assumption after FIH/club/news enrichment pass,,Not individually verified; treat as assumed until club/FIH source confirms.
Ramses Zwijnenburg,male,Bloemendaal,Bloemendaal H1,NL,assumed_nl,Default assumption after FIH/club/news enrichment pass,,Not individually verified; treat as assumed until club/FIH source confirms.
Allard André de la Porte,male,Bloemendaal,Bloemendaal H1,NL,assumed_nl,Default assumption after FIH/club/news enrichment pass,,Not individually verified; treat as assumed until club/FIH source confirms.
Wouter Jolie,male,Bloemendaal,Bloemendaal H1,NL,assumed_nl,Default assumption after FIH/club/news enrichment pass,,Not individually verified; treat as assumed until club/FIH source confirms.
Matthijs Odekerken,male,Bloemendaal,Bloemendaal H1,NL,assumed_nl,Default assumption after FIH/club/news enrichment pass,,Not individually verified; treat as assumed until club/FIH source confirms.
Sanne Koolen,female,Den Bosch,Den Bosch D1,NL,assumed_nl,Default assumption after FIH/club/news enrichment pass,,Not individually verified; treat as assumed until club/FIH source confirms.
Imme van der Hoek,female,Den Bosch,Den Bosch D1,NL,assumed_nl,Default assumption after FIH/club/news enrichment pass,,Not individually verified; treat as assumed until club/FIH source confirms.
Emma Reijnen,female,Den Bosch,Den Bosch D1,NL,assumed_nl,Default assumption after FIH/club/news enrichment pass,,Not individually verified; treat as assumed until club/FIH source confirms.
Babs Reijnen,female,Den Bosch,Den Bosch D1,NL,assumed_nl,Default assumption after FIH/club/news enrichment pass,,Not individually verified; treat as assumed until club/FIH source confirms.
Anouk Brouwer,female,Den Bosch,Den Bosch D1,NL,assumed_nl,Default assumption after FIH/club/news enrichment pass,,Not individually verified; treat as assumed until club/FIH source confirms.
Lieve Wijckmans,female,Den Bosch,Den Bosch D1,NL,assumed_nl,Default assumption after FIH/club/news enrichment pass,,Not individually verified; treat as assumed until club/FIH source confirms.
Teuntje de Wit,female,Den Bosch,Den Bosch D1,NL,assumed_nl,Default assumption after FIH/club/news enrichment pass,,Not individually verified; treat as assumed until club/FIH source confirms.
Romee Joosten,female,Den Bosch,Den Bosch D1,NL,assumed_nl,Default assumption after FIH/club/news enrichment pass,,Not individually verified; treat as assumed until club/FIH source confirms.
Josephine Bekkers,female,Den Bosch,Den Bosch D1,NL,assumed_nl,Default assumption after FIH/club/news enrichment pass,,Not individually verified; treat as assumed until club/FIH source confirms.
Kim Peters,female,Den Bosch,Den Bosch D1,NL,assumed_nl,Default assumption after FIH/club/news enrichment pass,,Not individually verified; treat as assumed until club/FIH source confirms.
Janneke van de Venne,female,Den Bosch,Den Bosch D1,NL,assumed_nl,Default assumption after FIH/club/news enrichment pass,,Not individually verified; treat as assumed until club/FIH source confirms.
Elke Boers,female,Den Bosch,Den Bosch D1,NL,assumed_nl,Default assumption after FIH/club/news enrichment pass,,Not individually verified; treat as assumed until club/FIH source confirms.
Laurette Abelen,female,Den Bosch,Den Bosch D1,NL,assumed_nl,Default assumption after FIH/club/news enrichment pass,,Not individually verified; treat as assumed until club/FIH source confirms.
Tijn van Groesen,male,Den Bosch,Den Bosch H1,NL,assumed_nl,Default assumption after FIH/club/news enrichment pass,,Not individually verified; treat as assumed until club/FIH source confirms.
Milou Klein,female,HDM,HDM D1,NL,assumed_nl,Default assumption after FIH/club/news enrichment pass,,Not individually verified; treat as assumed until club/FIH source confirms.
Belén van den Broek,female,HDM,HDM D1,ES,source_based,FIH/news/club-publication cross-check,https://tulphoofdklasse.com/en/news/van-tieners-tot-routiniers-alle-stats-uit-de-spelerslijsten-van-dit-seizoen,International or non-Dutch Hoofdklasse player; needs spot-check against direct profile if status=source_based
Tessa Clasener,female,HDM,HDM D1,NL,assumed_nl,Default assumption after FIH/club/news enrichment pass,,Not individually verified; treat as assumed until club/FIH source confirms.
Frederique Dekker,female,HDM,HDM D1,NL,assumed_nl,Default assumption after FIH/club/news enrichment pass,,Not individually verified; treat as assumed until club/FIH source confirms.
Sabine van den Eijnden,female,HDM,HDM D1,NL,assumed_nl,Default assumption after FIH/club/news enrichment pass,,Not individually verified; treat as assumed until club/FIH source confirms.
Pien van der Heide,female,HDM,HDM D1,NL,assumed_nl,Default assumption after FIH/club/news enrichment pass,,Not individually verified; treat as assumed until club/FIH source confirms.
Julia Remmerswaal,female,HDM,HDM D1,NL,assumed_nl,Default assumption after FIH/club/news enrichment pass,,Not individually verified; treat as assumed until club/FIH source confirms.
Hester van der Veld,female,HDM,HDM D1,NL,assumed_nl,Default assumption after FIH/club/news enrichment pass,,Not individually verified; treat as assumed until club/FIH source confirms.
Kaat Walhof,female,HDM,HDM D1,NL,assumed_nl,Default assumption after FIH/club/news enrichment pass,,Not individually verified; treat as assumed until club/FIH source confirms.
Phileine van den Bosch,female,HDM,HDM D1,NL,assumed_nl,Default assumption after FIH/club/news enrichment pass,,Not individually verified; treat as assumed until club/FIH source confirms.
Delany van den Broek,female,HDM,HDM D1,NL,assumed_nl,Default assumption after FIH/club/news enrichment pass,,Not individually verified; treat as assumed until club/FIH source confirms.
Julia Duffhuis,female,HDM,HDM D1,NL,assumed_nl,Default assumption after FIH/club/news enrichment pass,,Not individually verified; treat as assumed until club/FIH source confirms.
Juliette Hijdra,female,HDM,HDM D1,NL,assumed_nl,Default assumption after FIH/club/news enrichment pass,,Not individually verified; treat as assumed until club/FIH source confirms.
Eva van 't Hoog,female,HDM,HDM D1,NL,assumed_nl,Default assumption after FIH/club/news enrichment pass,,Not individually verified; treat as assumed until club/FIH source confirms.
Lotte Beetsma,female,HDM,HDM D1,NL,assumed_nl,Default assumption after FIH/club/news enrichment pass,,Not individually verified; treat as assumed until club/FIH source confirms.
Claudia Negrete Garcia,female,HDM,HDM D1,ES,source_based,FIH/news/club-publication cross-check,https://tulphoofdklasse.com/en/news/van-tieners-tot-routiniers-alle-stats-uit-de-spelerslijsten-van-dit-seizoen,International or non-Dutch Hoofdklasse player; needs spot-check against direct profile if status=source_based
Anke Sanders,female,HDM,HDM D1,NL,assumed_nl,Default assumption after FIH/club/news enrichment pass,,Not individually verified; treat as assumed until club/FIH source confirms.
Isa van Spronsen,female,HDM,HDM D1,NL,assumed_nl,Default assumption after FIH/club/news enrichment pass,,Not individually verified; treat as assumed until club/FIH source confirms.
Dirkie Chamberlain,female,HDM,HDM D1,ZA,source_based,FIH/news/club-publication cross-check,https://tulphoofdklasse.com/en/news/van-tieners-tot-routiniers-alle-stats-uit-de-spelerslijsten-van-dit-seizoen,International or non-Dutch Hoofdklasse player; needs spot-check against direct profile if status=source_based
Laila Dierkens Schuttevaer,female,HDM,HDM D1,NL,assumed_nl,Default assumption after FIH/club/news enrichment pass,,Not individually verified; treat as assumed until club/FIH source confirms.
Pien van Nes,female,HDM,HDM D1,NL,assumed_nl,Default assumption after FIH/club/news enrichment pass,,Not individually verified; treat as assumed until club/FIH source confirms.
Florien Vorderman,female,HDM,HDM D1,NL,assumed_nl,Default assumption after FIH/club/news enrichment pass,,Not individually verified; treat as assumed until club/FIH source confirms.
Luis Beckmann,male,HDM,HDM H1,DE,source_based,FIH/news/club-publication cross-check,https://tulphoofdklasse.com/nieuws/van-tieners-tot-routiniers-alle-stats-uit-de-spelerslijsten-van-dit-seizoen,International or non-Dutch Hoofdklasse player; needs spot-check against direct profile if status=source_based
Cédric de Gier,male,HDM,HDM H1,NL,assumed_nl,Default assumption after FIH/club/news enrichment pass,,Not individually verified; treat as assumed until club/FIH source confirms.
Sander Groenheijde,male,HDM,HDM H1,NL,assumed_nl,Default assumption after FIH/club/news enrichment pass,,Not individually verified; treat as assumed until club/FIH source confirms.
Floris van der Kroon,male,HDM,HDM H1,NL,assumed_nl,Default assumption after FIH/club/news enrichment pass,,Not individually verified; treat as assumed until club/FIH source confirms.
Marc Boltó Gimó,male,HDM,HDM H1,ES,source_based,FIH/news/club-publication cross-check,https://tulphoofdklasse.com/nieuws/van-tieners-tot-routiniers-alle-stats-uit-de-spelerslijsten-van-dit-seizoen,International or non-Dutch Hoofdklasse player; needs spot-check against direct profile if status=source_based
Yorben Fontaine,male,HDM,HDM H1,BE,source_based,FIH/news/club-publication cross-check,https://tulphoofdklasse.com/nieuws/van-tieners-tot-routiniers-alle-stats-uit-de-spelerslijsten-van-dit-seizoen,International or non-Dutch Hoofdklasse player; needs spot-check against direct profile if status=source_based
Merijn Maas,male,HDM,HDM H1,NL,assumed_nl,Default assumption after FIH/club/news enrichment pass,,Not individually verified; treat as assumed until club/FIH source confirms.
Jasper van der Looy,male,HDM,HDM H1,NL,assumed_nl,Default assumption after FIH/club/news enrichment pass,,Not individually verified; treat as assumed until club/FIH source confirms.
Chris Taberima,male,HDM,HDM H1,NL,assumed_nl,Default assumption after FIH/club/news enrichment pass,,Not individually verified; treat as assumed until club/FIH source confirms.
Fabian Verzuu,male,HDM,HDM H1,NL,assumed_nl,Default assumption after FIH/club/news enrichment pass,,Not individually verified; treat as assumed until club/FIH source confirms.
Alexander Weterings,male,HDM,HDM H1,NL,assumed_nl,Default assumption after FIH/club/news enrichment pass,,Not individually verified; treat as assumed until club/FIH source confirms.
Jelte Kaptein,male,HDM,HDM H1,NL,assumed_nl,Default assumption after FIH/club/news enrichment pass,,Not individually verified; treat as assumed until club/FIH source confirms.
Rick van den IJssel,male,HDM,HDM H1,NL,assumed_nl,Default assumption after FIH/club/news enrichment pass,,Not individually verified; treat as assumed until club/FIH source confirms.
Ruben Versteeg,male,HDM,HDM H1,NL,assumed_nl,Default assumption after FIH/club/news enrichment pass,,Not individually verified; treat as assumed until club/FIH source confirms.
Guus van den Boezem,male,HDM,HDM H1,NL,assumed_nl,Default assumption after FIH/club/news enrichment pass,,Not individually verified; treat as assumed until club/FIH source confirms.
Sam Spencer,male,HDM,HDM H1,GB,source_based,FIH/news/club-publication cross-check,https://tulphoofdklasse.com/nieuws/van-tieners-tot-routiniers-alle-stats-uit-de-spelerslijsten-van-dit-seizoen,International or non-Dutch Hoofdklasse player; needs spot-check against direct profile if status=source_based
Tom Provily,male,HDM,HDM H1,NL,assumed_nl,Default assumption after FIH/club/news enrichment pass,,Not individually verified; treat as assumed until club/FIH source confirms.
Mats Dicke,male,HDM,HDM H1,NL,assumed_nl,Default assumption after FIH/club/news enrichment pass,,Not individually verified; treat as assumed until club/FIH source confirms.
Fenn Tellier,male,HDM,HDM H1,NL,assumed_nl,Default assumption after FIH/club/news enrichment pass,,Not individually verified; treat as assumed until club/FIH source confirms.
Siebe Pijpers,male,HDM,HDM H1,NL,assumed_nl,Default assumption after FIH/club/news enrichment pass,,Not individually verified; treat as assumed until club/FIH source confirms.
Duco Nieuwenhuizen Segaar,male,HDM,HDM H1,NL,assumed_nl,Default assumption after FIH/club/news enrichment pass,,Not individually verified; treat as assumed until club/FIH source confirms.
Sofie ter Kuile,female,HGC,HGC D1,NL,assumed_nl,Default assumption after FIH/club/news enrichment pass,,Not individually verified; treat as assumed until club/FIH source confirms.
Isis van Loon,female,HGC,HGC D1,NL,assumed_nl,Default assumption after FIH/club/news enrichment pass,,Not individually verified; treat as assumed until club/FIH source confirms.
Anna Serrahima,female,HGC,HGC D1,ES,source_based,FIH/news/club-publication cross-check,https://tulphoofdklasse.com/en/news/van-tieners-tot-routiniers-alle-stats-uit-de-spelerslijsten-van-dit-seizoen,International or non-Dutch Hoofdklasse player; needs spot-check against direct profile if status=source_based
Lilly Stoffelsma,female,HGC,HGC D1,NL,assumed_nl,Default assumption after FIH/club/news enrichment pass,,Not individually verified; treat as assumed until club/FIH source confirms.
Zoë Admiraal,female,HGC,HGC D1,NL,assumed_nl,Default assumption after FIH/club/news enrichment pass,,Not individually verified; treat as assumed until club/FIH source confirms.
Jip Blaas,female,HGC,HGC D1,NL,assumed_nl,Default assumption after FIH/club/news enrichment pass,,Not individually verified; treat as assumed until club/FIH source confirms.
Amy van den Bosch,female,HGC,HGC D1,NL,assumed_nl,Default assumption after FIH/club/news enrichment pass,,Not individually verified; treat as assumed until club/FIH source confirms.
Tessel Huibregtsen,female,HGC,HGC D1,NL,assumed_nl,Default assumption after FIH/club/news enrichment pass,,Not individually verified; treat as assumed until club/FIH source confirms.
Bente Kolmus,female,HGC,HGC D1,NL,assumed_nl,Default assumption after FIH/club/news enrichment pass,,Not individually verified; treat as assumed until club/FIH source confirms.
Lisa Lejeune,female,HGC,HGC D1,NL,assumed_nl,Default assumption after FIH/club/news enrichment pass,,Not individually verified; treat as assumed until club/FIH source confirms.
Faye Muijderman,female,HGC,HGC D1,NL,assumed_nl,Default assumption after FIH/club/news enrichment pass,,Not individually verified; treat as assumed until club/FIH source confirms.
Julie Pieper,female,HGC,HGC D1,NL,assumed_nl,Default assumption after FIH/club/news enrichment pass,,Not individually verified; treat as assumed until club/FIH source confirms.
Mikki Roolaart,female,HGC,HGC D1,NL,assumed_nl,Default assumption after FIH/club/news enrichment pass,,Not individually verified; treat as assumed until club/FIH source confirms.
Julie Sytsema,female,HGC,HGC D1,NL,assumed_nl,Default assumption after FIH/club/news enrichment pass,,Not individually verified; treat as assumed until club/FIH source confirms.
Louisa Hopman,female,HGC,HGC D1,NL,assumed_nl,Default assumption after FIH/club/news enrichment pass,,Not individually verified; treat as assumed until club/FIH source confirms.
Valentine Hulsbergen,female,HGC,HGC D1,NL,assumed_nl,Default assumption after FIH/club/news enrichment pass,,Not individually verified; treat as assumed until club/FIH source confirms.
Ellie Vinh,female,HGC,HGC D1,NL,assumed_nl,Default assumption after FIH/club/news enrichment pass,,Not individually verified; treat as assumed until club/FIH source confirms.
Pip Jong,female,HGC,HGC D1,NL,assumed_nl,Default assumption after FIH/club/news enrichment pass,,Not individually verified; treat as assumed until club/FIH source confirms.
Maartje Kaptein,female,Hurley,Hurley D1,NL,assumed_nl,Default assumption after FIH/club/news enrichment pass,,Not individually verified; treat as assumed until club/FIH source confirms.
Sophie Schelfhout,female,Hurley,Hurley D1,NL,assumed_nl,Default assumption after FIH/club/news enrichment pass,,Not individually verified; treat as assumed until club/FIH source confirms.
Annelotte Nijhuis,female,Hurley,Hurley D1,NL,assumed_nl,Default assumption after FIH/club/news enrichment pass,,Not individually verified; treat as assumed until club/FIH source confirms.
Fiona Morgenstern,female,Hurley,Hurley D1,DE,source_based,FIH/news/club-publication cross-check,https://tulphoofdklasse.com/en/news/van-tieners-tot-routiniers-alle-stats-uit-de-spelerslijsten-van-dit-seizoen,International or non-Dutch Hoofdklasse player; needs spot-check against direct profile if status=source_based
Chrisje van der Salm,female,Hurley,Hurley D1,NL,assumed_nl,Default assumption after FIH/club/news enrichment pass,,Not individually verified; treat as assumed until club/FIH source confirms.
Margot van Hecking Colenbrander,female,Hurley,Hurley D1,NL,assumed_nl,Default assumption after FIH/club/news enrichment pass,,Not individually verified; treat as assumed until club/FIH source confirms.
Sanne Caarls,female,Hurley,Hurley D1,NL,assumed_nl,Default assumption after FIH/club/news enrichment pass,,Not individually verified; treat as assumed until club/FIH source confirms.
Fleur Loomans,female,Hurley,Hurley D1,NL,assumed_nl,Default assumption after FIH/club/news enrichment pass,,Not individually verified; treat as assumed until club/FIH source confirms.
Teuntje Horn,female,Hurley,Hurley D1,NL,assumed_nl,Default assumption after FIH/club/news enrichment pass,,Not individually verified; treat as assumed until club/FIH source confirms.
Eliza Vermeulen,female,Hurley,Hurley D1,NL,assumed_nl,Default assumption after FIH/club/news enrichment pass,,Not individually verified; treat as assumed until club/FIH source confirms.
Nora Bruinsma,female,Hurley,Hurley D1,NL,assumed_nl,Default assumption after FIH/club/news enrichment pass,,Not individually verified; treat as assumed until club/FIH source confirms.
Dymph Luttge,female,Hurley,Hurley D1,NL,assumed_nl,Default assumption after FIH/club/news enrichment pass,,Not individually verified; treat as assumed until club/FIH source confirms.
Philine Vinkesteijn,female,Hurley,Hurley D1,NL,assumed_nl,Default assumption after FIH/club/news enrichment pass,,Not individually verified; treat as assumed until club/FIH source confirms.
Taheera Augousti,female,Hurley,Hurley D1,ZA,source_based,FIH/news/club-publication cross-check,https://tulphoofdklasse.com/en/news/van-tieners-tot-routiniers-alle-stats-uit-de-spelerslijsten-van-dit-seizoen,International or non-Dutch Hoofdklasse player; needs spot-check against direct profile if status=source_based
Romée Corver,female,Hurley,Hurley D1,NL,assumed_nl,Default assumption after FIH/club/news enrichment pass,,Not individually verified; treat as assumed until club/FIH source confirms.
Michelle van der Drift,female,Hurley,Hurley D1,NL,assumed_nl,Default assumption after FIH/club/news enrichment pass,,Not individually verified; treat as assumed until club/FIH source confirms.
Floor van den Dungen,female,Hurley,Hurley D1,NL,assumed_nl,Default assumption after FIH/club/news enrichment pass,,Not individually verified; treat as assumed until club/FIH source confirms.
Floor van Gorkum,female,Hurley,Hurley D1,NL,assumed_nl,Default assumption after FIH/club/news enrichment pass,,Not individually verified; treat as assumed until club/FIH source confirms.
Olivia Huisman,female,Hurley,Hurley D1,NL,assumed_nl,Default assumption after FIH/club/news enrichment pass,,Not individually verified; treat as assumed until club/FIH source confirms.
Ginella Zerbo,female,Hurley,Hurley D1,NL,assumed_nl,Default assumption after FIH/club/news enrichment pass,,Not individually verified; treat as assumed until club/FIH source confirms.
Laurien Leurink,female,Hurley,Hurley D1,NL,assumed_nl,Default assumption after FIH/club/news enrichment pass,,Not individually verified; treat as assumed until club/FIH source confirms.
Julia van den Heuvel,female,Hurley,Hurley D1,NL,assumed_nl,Default assumption after FIH/club/news enrichment pass,,Not individually verified; treat as assumed until club/FIH source confirms.
Nikas Berendts,male,Hurley,Hurley H1,DE,source_based,FIH/news/club-publication cross-check,https://tulphoofdklasse.com/nieuws/van-tieners-tot-routiniers-alle-stats-uit-de-spelerslijsten-van-dit-seizoen,International or non-Dutch Hoofdklasse player; needs spot-check against direct profile if status=source_based
Daan Dekker,male,Hurley,Hurley H1,NL,assumed_nl,Default assumption after FIH/club/news enrichment pass,,Not individually verified; treat as assumed until club/FIH source confirms.
Mees Loman,male,Hurley,Hurley H1,NL,assumed_nl,Default assumption after FIH/club/news enrichment pass,,Not individually verified; treat as assumed until club/FIH source confirms.
Harry Martin,male,Hurley,Hurley H1,GB,source_based,FIH/news/club-publication cross-check,https://tulphoofdklasse.com/nieuws/van-tieners-tot-routiniers-alle-stats-uit-de-spelerslijsten-van-dit-seizoen,International or non-Dutch Hoofdklasse player; needs spot-check against direct profile if status=source_based
Fred Newbold,male,Hurley,Hurley H1,GB,source_based,FIH/news/club-publication cross-check,https://tulphoofdklasse.com/nieuws/van-tieners-tot-routiniers-alle-stats-uit-de-spelerslijsten-van-dit-seizoen,International or non-Dutch Hoofdklasse player; needs spot-check against direct profile if status=source_based
Laurens Nievelstein,male,Hurley,Hurley H1,NL,assumed_nl,Default assumption after FIH/club/news enrichment pass,,Not individually verified; treat as assumed until club/FIH source confirms.
Rutger Plat,male,Hurley,Hurley H1,NL,assumed_nl,Default assumption after FIH/club/news enrichment pass,,Not individually verified; treat as assumed until club/FIH source confirms.
Joren Romijn,male,Hurley,Hurley H1,NL,assumed_nl,Default assumption after FIH/club/news enrichment pass,,Not individually verified; treat as assumed until club/FIH source confirms.
Hjalmar Voskuil,male,Hurley,Hurley H1,NL,assumed_nl,Default assumption after FIH/club/news enrichment pass,,Not individually verified; treat as assumed until club/FIH source confirms.
Grau Albert,male,Hurley,Hurley H1,ES,source_based,FIH/news/club-publication cross-check,https://tulphoofdklasse.com/nieuws/van-tieners-tot-routiniers-alle-stats-uit-de-spelerslijsten-van-dit-seizoen,International or non-Dutch Hoofdklasse player; needs spot-check against direct profile if status=source_based
Deegan Huisman,male,Hurley,Hurley H1,NL,assumed_nl,Default assumption after FIH/club/news enrichment pass,,Not individually verified; treat as assumed until club/FIH source confirms.
Joshua Keaveney,male,Hurley,Hurley H1,IE,source_based,FIH/news/club-publication cross-check,https://tulphoofdklasse.com/nieuws/van-tieners-tot-routiniers-alle-stats-uit-de-spelerslijsten-van-dit-seizoen,International or non-Dutch Hoofdklasse player; needs spot-check against direct profile if status=source_based
Theun de Leeuw,male,Hurley,Hurley H1,NL,assumed_nl,Default assumption after FIH/club/news enrichment pass,,Not individually verified; treat as assumed until club/FIH source confirms.
Jake Raben,male,Hurley,Hurley H1,NL,assumed_nl,Default assumption after FIH/club/news enrichment pass,,Not individually verified; treat as assumed until club/FIH source confirms.
Noam Sheridan,male,Hurley,Hurley H1,IE,source_based,FIH/news/club-publication cross-check,https://tulphoofdklasse.com/nieuws/van-tieners-tot-routiniers-alle-stats-uit-de-spelerslijsten-van-dit-seizoen,International or non-Dutch Hoofdklasse player; needs spot-check against direct profile if status=source_based
Lex Tump,male,Hurley,Hurley H1,NL,assumed_nl,Default assumption after FIH/club/news enrichment pass,,Not individually verified; treat as assumed until club/FIH source confirms.
Pim Wasser,male,Hurley,Hurley H1,NL,assumed_nl,Default assumption after FIH/club/news enrichment pass,,Not individually verified; treat as assumed until club/FIH source confirms.
Tieme Wiggers,male,Hurley,Hurley H1,NL,assumed_nl,Default assumption after FIH/club/news enrichment pass,,Not individually verified; treat as assumed until club/FIH source confirms.
Camiel Erselina,male,Hurley,Hurley H1,NL,assumed_nl,Default assumption after FIH/club/news enrichment pass,,Not individually verified; treat as assumed until club/FIH source confirms.
I-An van de Scheur,male,Hurley,Hurley H1,NL,assumed_nl,Default assumption after FIH/club/news enrichment pass,,Not individually verified; treat as assumed until club/FIH source confirms.
Imko de Vries,male,Hurley,Hurley H1,NL,assumed_nl,Default assumption after FIH/club/news enrichment pass,,Not individually verified; treat as assumed until club/FIH source confirms.
Benjamin Walker,male,Hurley,Hurley H1,GB,source_based,FIH/news/club-publication cross-check,https://tulphoofdklasse.com/nieuws/van-tieners-tot-routiniers-alle-stats-uit-de-spelerslijsten-van-dit-seizoen,International or non-Dutch Hoofdklasse player; needs spot-check against direct profile if status=source_based
Babette Backers,female,Kampong,Kampong D1,NL,assumed_nl,Default assumption after FIH/club/news enrichment pass,,Not individually verified; treat as assumed until club/FIH source confirms.
Noor van den Nieuwenhof,female,Kampong,Kampong D1,NL,assumed_nl,Default assumption after FIH/club/news enrichment pass,,Not individually verified; treat as assumed until club/FIH source confirms.
Eline Jansen,female,Kampong,Kampong D1,NL,assumed_nl,Default assumption after FIH/club/news enrichment pass,,Not individually verified; treat as assumed until club/FIH source confirms.
Guusje Moes,female,Kampong,Kampong D1,NL,assumed_nl,Default assumption after FIH/club/news enrichment pass,,Not individually verified; treat as assumed until club/FIH source confirms.
Carlijn Tukkers,female,Kampong,Kampong D1,NL,assumed_nl,Default assumption after FIH/club/news enrichment pass,,Not individually verified; treat as assumed until club/FIH source confirms.
Veere ter Horst,female,Kampong,Kampong D1,NL,assumed_nl,Default assumption after FIH/club/news enrichment pass,,Not individually verified; treat as assumed until club/FIH source confirms.
Fleur Wolfert,female,Kampong,Kampong D1,NL,assumed_nl,Default assumption after FIH/club/news enrichment pass,,Not individually verified; treat as assumed until club/FIH source confirms.
Maria de Vries,female,Kampong,Kampong D1,NL,assumed_nl,Default assumption after FIH/club/news enrichment pass,,Not individually verified; treat as assumed until club/FIH source confirms.
Iris de Kemp,female,Kampong,Kampong D1,NL,assumed_nl,Default assumption after FIH/club/news enrichment pass,,Not individually verified; treat as assumed until club/FIH source confirms.
Julie Roovers,female,Kampong,Kampong D1,NL,assumed_nl,Default assumption after FIH/club/news enrichment pass,,Not individually verified; treat as assumed until club/FIH source confirms.
Kyra Fortuin,female,Kampong,Kampong D1,NL,assumed_nl,Default assumption after FIH/club/news enrichment pass,,Not individually verified; treat as assumed until club/FIH source confirms.
Charlotte Hoctin Boes,female,Kampong,Kampong D1,FR,source_based,FIH/news/club-publication cross-check,https://tulphoofdklasse.com/en/news/van-tieners-tot-routiniers-alle-stats-uit-de-spelerslijsten-van-dit-seizoen,International or non-Dutch Hoofdklasse player; needs spot-check against direct profile if status=source_based
Sofie Stomps,female,Kampong,Kampong D1,NL,assumed_nl,Default assumption after FIH/club/news enrichment pass,,Not individually verified; treat as assumed until club/FIH source confirms.
Sophie van Grimbergen,female,Kampong,Kampong D1,NL,assumed_nl,Default assumption after FIH/club/news enrichment pass,,Not individually verified; treat as assumed until club/FIH source confirms.
Imme Van es,female,Kampong,Kampong D1,NL,assumed_nl,Default assumption after FIH/club/news enrichment pass,,Not individually verified; treat as assumed until club/FIH source confirms.
Anne Berends,female,Kampong,Kampong D1,NL,assumed_nl,Default assumption after FIH/club/news enrichment pass,,Not individually verified; treat as assumed until club/FIH source confirms.
Luis Calzado,male,Kampong,Kampong H1,ES,source_based,FIH/news/club-publication cross-check,https://tulphoofdklasse.com/nieuws/van-tieners-tot-routiniers-alle-stats-uit-de-spelerslijsten-van-dit-seizoen,International or non-Dutch Hoofdklasse player; needs spot-check against direct profile if status=source_based
Bram van Battum,male,Kampong,Kampong H1,NL,assumed_nl,Default assumption after FIH/club/news enrichment pass,,Not individually verified; treat as assumed until club/FIH source confirms.
Caspar Dobbelaar,male,Kampong,Kampong H1,NL,assumed_nl,Default assumption after FIH/club/news enrichment pass,,Not individually verified; treat as assumed until club/FIH source confirms.
Derck de Vilder,male,Kampong,Kampong H1,NL,assumed_nl,Default assumption after FIH/club/news enrichment pass,,Not individually verified; treat as assumed until club/FIH source confirms.
Kjell Plantenga,male,Kampong,Kampong H1,NL,assumed_nl,Default assumption after FIH/club/news enrichment pass,,Not individually verified; treat as assumed until club/FIH source confirms.
Jens de Vuijst,male,Kampong,Kampong H1,NL,assumed_nl,Default assumption after FIH/club/news enrichment pass,,Not individually verified; treat as assumed until club/FIH source confirms.
Rik Sprengers,male,Kampong,Kampong H1,NL,assumed_nl,Default assumption after FIH/club/news enrichment pass,,Not individually verified; treat as assumed until club/FIH source confirms.
Thies Bakker,male,Kampong,Kampong H1,NL,assumed_nl,Default assumption after FIH/club/news enrichment pass,,Not individually verified; treat as assumed until club/FIH source confirms.
Finn van Bijnen,male,Kampong,Kampong H1,NL,assumed_nl,Default assumption after FIH/club/news enrichment pass,,Not individually verified; treat as assumed until club/FIH source confirms.
Hidde Plantenga,male,Kampong,Kampong H1,NL,assumed_nl,Default assumption after FIH/club/news enrichment pass,,Not individually verified; treat as assumed until club/FIH source confirms.
Mats Gruter,male,Kampong,Kampong H1,NL,assumed_nl,Default assumption after FIH/club/news enrichment pass,,Not individually verified; treat as assumed until club/FIH source confirms.
Sander van de Putte,male,Kampong,Kampong H1,NL,assumed_nl,Default assumption after FIH/club/news enrichment pass,,Not individually verified; treat as assumed until club/FIH source confirms.
Diederik van den Hoek,male,Kampong,Kampong H1,NL,assumed_nl,Default assumption after FIH/club/news enrichment pass,,Not individually verified; treat as assumed until club/FIH source confirms.
Hugo van Beusekom,male,Kampong,Kampong H1,NL,assumed_nl,Default assumption after FIH/club/news enrichment pass,,Not individually verified; treat as assumed until club/FIH source confirms.
Koen Meijerink,male,Kampong,Kampong H1,NL,assumed_nl,Default assumption after FIH/club/news enrichment pass,,Not individually verified; treat as assumed until club/FIH source confirms.
Silas Lageman,male,Kampong,Kampong H1,NL,assumed_nl,Default assumption after FIH/club/news enrichment pass,,Not individually verified; treat as assumed until club/FIH source confirms.
Lars Daniels,male,Klein Zwitserland,Klein Zwitserland H1,NL,assumed_nl,Default assumption after FIH/club/news enrichment pass,,Not individually verified; treat as assumed until club/FIH source confirms.
Ties Klinkhamer,male,Klein Zwitserland,Klein Zwitserland H1,NL,assumed_nl,Default assumption after FIH/club/news enrichment pass,,Not individually verified; treat as assumed until club/FIH source confirms.
Douwe Steens,male,Klein Zwitserland,Klein Zwitserland H1,NL,assumed_nl,Default assumption after FIH/club/news enrichment pass,,Not individually verified; treat as assumed until club/FIH source confirms.
Adrian Lehmann-Richter,male,Klein Zwitserland,Klein Zwitserland H1,DE,source_based,FIH/news/club-publication cross-check,https://tulphoofdklasse.com/nieuws/van-tieners-tot-routiniers-alle-stats-uit-de-spelerslijsten-van-dit-seizoen,International or non-Dutch Hoofdklasse player; needs spot-check against direct profile if status=source_based
Chad Futcher,male,Klein Zwitserland,Klein Zwitserland H1,ZA,source_based,FIH/news/club-publication cross-check,https://tulphoofdklasse.com/nieuws/van-tieners-tot-routiniers-alle-stats-uit-de-spelerslijsten-van-dit-seizoen,International or non-Dutch Hoofdklasse player; needs spot-check against direct profile if status=source_based
Lucas Toscani,male,Klein Zwitserland,Klein Zwitserland H1,AR,source_based,FIH/news/club-publication cross-check,https://tulphoofdklasse.com/nieuws/van-tieners-tot-routiniers-alle-stats-uit-de-spelerslijsten-van-dit-seizoen,International or non-Dutch Hoofdklasse player; needs spot-check against direct profile if status=source_based
Pepijn Jones,male,Klein Zwitserland,Klein Zwitserland H1,NL,assumed_nl,Default assumption after FIH/club/news enrichment pass,,Not individually verified; treat as assumed until club/FIH source confirms.
Koene Schaper,male,Klein Zwitserland,Klein Zwitserland H1,NL,assumed_nl,Default assumption after FIH/club/news enrichment pass,,Not individually verified; treat as assumed until club/FIH source confirms.
Willem van Campen,male,Klein Zwitserland,Klein Zwitserland H1,NL,assumed_nl,Default assumption after FIH/club/news enrichment pass,,Not individually verified; treat as assumed until club/FIH source confirms.
Joaquin Toscani,male,Klein Zwitserland,Klein Zwitserland H1,AR,source_based,FIH/news/club-publication cross-check,https://tulphoofdklasse.com/nieuws/van-tieners-tot-routiniers-alle-stats-uit-de-spelerslijsten-van-dit-seizoen,International or non-Dutch Hoofdklasse player; needs spot-check against direct profile if status=source_based
Jochem Bakker,male,Klein Zwitserland,Klein Zwitserland H1,NL,assumed_nl,Default assumption after FIH/club/news enrichment pass,,Not individually verified; treat as assumed until club/FIH source confirms.
Florent Vaal,male,Klein Zwitserland,Klein Zwitserland H1,NL,assumed_nl,Default assumption after FIH/club/news enrichment pass,,Not individually verified; treat as assumed until club/FIH source confirms.
Linus Michler,male,Klein Zwitserland,Klein Zwitserland H1,DE,source_based,FIH/news/club-publication cross-check,https://tulphoofdklasse.com/nieuws/van-tieners-tot-routiniers-alle-stats-uit-de-spelerslijsten-van-dit-seizoen,International or non-Dutch Hoofdklasse player; needs spot-check against direct profile if status=source_based
Tom Schneider,male,Klein Zwitserland,Klein Zwitserland H1,DE,source_based,FIH/news/club-publication cross-check,https://tulphoofdklasse.com/nieuws/van-tieners-tot-routiniers-alle-stats-uit-de-spelerslijsten-van-dit-seizoen,International or non-Dutch Hoofdklasse player; needs spot-check against direct profile if status=source_based
Jonas Ellerman,male,Klein Zwitserland,Klein Zwitserland H1,NL,assumed_nl,Default assumption after FIH/club/news enrichment pass,,Not individually verified; treat as assumed until club/FIH source confirms.
Pepe Bijlaard,male,Klein Zwitserland,Klein Zwitserland H1,NL,assumed_nl,Default assumption after FIH/club/news enrichment pass,,Not individually verified; treat as assumed until club/FIH source confirms.
Philip van Aken,male,Klein Zwitserland,Klein Zwitserland H1,NL,assumed_nl,Default assumption after FIH/club/news enrichment pass,,Not individually verified; treat as assumed until club/FIH source confirms.
Štěpán Klaban,male,Klein Zwitserland,Klein Zwitserland H1,CZ,source_based,FIH/news/club-publication cross-check,https://tulphoofdklasse.com/nieuws/van-tieners-tot-routiniers-alle-stats-uit-de-spelerslijsten-van-dit-seizoen,International or non-Dutch Hoofdklasse player; needs spot-check against direct profile if status=source_based
Julian Seckel,male,Klein Zwitserland,Klein Zwitserland H1,DE,source_based,FIH/news/club-publication cross-check,https://tulphoofdklasse.com/nieuws/van-tieners-tot-routiniers-alle-stats-uit-de-spelerslijsten-van-dit-seizoen,International or non-Dutch Hoofdklasse player; needs spot-check against direct profile if status=source_based
Maurik Smits,male,Klein Zwitserland,Klein Zwitserland H1,NL,assumed_nl,Default assumption after FIH/club/news enrichment pass,,Not individually verified; treat as assumed until club/FIH source confirms.
Estiaan Kriek,male,Laren,Laren H1,ZA,source_based,FIH/news/club-publication cross-check,https://tulphoofdklasse.com/nieuws/van-tieners-tot-routiniers-alle-stats-uit-de-spelerslijsten-van-dit-seizoen,International or non-Dutch Hoofdklasse player; needs spot-check against direct profile if status=source_based
Pelle Vos,male,Laren,Laren H1,NL,assumed_nl,Default assumption after FIH/club/news enrichment pass,,Not individually verified; treat as assumed until club/FIH source confirms.
Pieter Paul Houting,male,Laren,Laren H1,NL,assumed_nl,Default assumption after FIH/club/news enrichment pass,,Not individually verified; treat as assumed until club/FIH source confirms.
Thomas Vis,male,Laren,Laren H1,NL,assumed_nl,Default assumption after FIH/club/news enrichment pass,,Not individually verified; treat as assumed until club/FIH source confirms.
Diederick van Berckel,male,Laren,Laren H1,NL,assumed_nl,Default assumption after FIH/club/news enrichment pass,,Not individually verified; treat as assumed until club/FIH source confirms.
Valentijn Charbon,male,Laren,Laren H1,NL,assumed_nl,Default assumption after FIH/club/news enrichment pass,,Not individually verified; treat as assumed until club/FIH source confirms.
Luke Friederich,male,Laren,Laren H1,ZA,source_based,FIH/news/club-publication cross-check,https://tulphoofdklasse.com/nieuws/van-tieners-tot-routiniers-alle-stats-uit-de-spelerslijsten-van-dit-seizoen,International or non-Dutch Hoofdklasse player; needs spot-check against direct profile if status=source_based
Thomas Selles,male,Laren,Laren H1,NL,assumed_nl,Default assumption after FIH/club/news enrichment pass,,Not individually verified; treat as assumed until club/FIH source confirms.
Wout Kooijman,male,Laren,Laren H1,NL,assumed_nl,Default assumption after FIH/club/news enrichment pass,,Not individually verified; treat as assumed until club/FIH source confirms.
Balder Reyenga,male,Laren,Laren H1,NL,assumed_nl,Default assumption after FIH/club/news enrichment pass,,Not individually verified; treat as assumed until club/FIH source confirms.
Berend van Langeveld,male,Laren,Laren H1,NL,assumed_nl,Default assumption after FIH/club/news enrichment pass,,Not individually verified; treat as assumed until club/FIH source confirms.
Ruben van Meer,male,Laren,Laren H1,NL,assumed_nl,Default assumption after FIH/club/news enrichment pass,,Not individually verified; treat as assumed until club/FIH source confirms.
Floris van der Wal,male,Laren,Laren H1,NL,assumed_nl,Default assumption after FIH/club/news enrichment pass,,Not individually verified; treat as assumed until club/FIH source confirms.
Sybren Loman,male,Laren,Laren H1,NL,assumed_nl,Default assumption after FIH/club/news enrichment pass,,Not individually verified; treat as assumed until club/FIH source confirms.
Joep Hagendoorn,male,Laren,Laren H1,NL,assumed_nl,Default assumption after FIH/club/news enrichment pass,,Not individually verified; treat as assumed until club/FIH source confirms.
Teun van Uunen,male,Laren,Laren H1,NL,assumed_nl,Default assumption after FIH/club/news enrichment pass,,Not individually verified; treat as assumed until club/FIH source confirms.
Stan Thoolen,male,Laren,Laren H1,NL,assumed_nl,Default assumption after FIH/club/news enrichment pass,,Not individually verified; treat as assumed until club/FIH source confirms.
Quinten Moojen,male,Laren,Laren H1,NL,assumed_nl,Default assumption after FIH/club/news enrichment pass,,Not individually verified; treat as assumed until club/FIH source confirms.
Bart de Nie,male,Laren,Laren H1,NL,assumed_nl,Default assumption after FIH/club/news enrichment pass,,Not individually verified; treat as assumed until club/FIH source confirms.
Giovanni Brand,male,Laren,Laren H1,ZA,source_based,FIH/news/club-publication cross-check,https://tulphoofdklasse.com/nieuws/van-tieners-tot-routiniers-alle-stats-uit-de-spelerslijsten-van-dit-seizoen,International or non-Dutch Hoofdklasse player; needs spot-check against direct profile if status=source_based
Kenneth Bain,male,Laren,Laren H1,GB,source_based,FIH/news/club-publication cross-check,https://tulphoofdklasse.com/nieuws/van-tieners-tot-routiniers-alle-stats-uit-de-spelerslijsten-van-dit-seizoen,International or non-Dutch Hoofdklasse player; needs spot-check against direct profile if status=source_based
Xavier van de Kasteele,male,Laren,Laren H1,NL,assumed_nl,Default assumption after FIH/club/news enrichment pass,,Not individually verified; treat as assumed until club/FIH source confirms.
Vivienne Peters,female,Oranje-Rood,Oranje-Rood D1,NL,assumed_nl,Default assumption after FIH/club/news enrichment pass,,Not individually verified; treat as assumed until club/FIH source confirms.
Amber Brouwer,female,Oranje-Rood,Oranje-Rood D1,NL,assumed_nl,Default assumption after FIH/club/news enrichment pass,,Not individually verified; treat as assumed until club/FIH source confirms.
Juul van der Velden,female,Oranje-Rood,Oranje-Rood D1,NL,assumed_nl,Default assumption after FIH/club/news enrichment pass,,Not individually verified; treat as assumed until club/FIH source confirms.
Madelief de Beer,female,Oranje-Rood,Oranje-Rood D1,NL,assumed_nl,Default assumption after FIH/club/news enrichment pass,,Not individually verified; treat as assumed until club/FIH source confirms.
Pheline Vos,female,Oranje-Rood,Oranje-Rood D1,NL,assumed_nl,Default assumption after FIH/club/news enrichment pass,,Not individually verified; treat as assumed until club/FIH source confirms.
Jolien Bogers,female,Oranje-Rood,Oranje-Rood D1,NL,assumed_nl,Default assumption after FIH/club/news enrichment pass,,Not individually verified; treat as assumed until club/FIH source confirms.
Pieke van de Pas,female,Oranje-Rood,Oranje-Rood D1,NL,assumed_nl,Default assumption after FIH/club/news enrichment pass,,Not individually verified; treat as assumed until club/FIH source confirms.
Lynn Vasterink,female,Oranje-Rood,Oranje-Rood D1,NL,assumed_nl,Default assumption after FIH/club/news enrichment pass,,Not individually verified; treat as assumed until club/FIH source confirms.
Merel Voermans,female,Oranje-Rood,Oranje-Rood D1,NL,assumed_nl,Default assumption after FIH/club/news enrichment pass,,Not individually verified; treat as assumed until club/FIH source confirms.
Renske van Limpt,female,Oranje-Rood,Oranje-Rood D1,NL,assumed_nl,Default assumption after FIH/club/news enrichment pass,,Not individually verified; treat as assumed until club/FIH source confirms.
Margje van der Loo,female,Oranje-Rood,Oranje-Rood D1,NL,assumed_nl,Default assumption after FIH/club/news enrichment pass,,Not individually verified; treat as assumed until club/FIH source confirms.
Sara Puglisi,female,Oranje-Rood,Oranje-Rood D1,IT,source_based,FIH/news/club-publication cross-check,https://tulphoofdklasse.com/en/news/van-tieners-tot-routiniers-alle-stats-uit-de-spelerslijsten-van-dit-seizoen,International or non-Dutch Hoofdklasse player; needs spot-check against direct profile if status=source_based
Thirsa Kho,female,Oranje-Rood,Oranje-Rood D1,NL,assumed_nl,Default assumption after FIH/club/news enrichment pass,,Not individually verified; treat as assumed until club/FIH source confirms.
Loeki Treffers,female,Oranje-Rood,Oranje-Rood D1,NL,assumed_nl,Default assumption after FIH/club/news enrichment pass,,Not individually verified; treat as assumed until club/FIH source confirms.
Brechje Scheepers,female,Oranje-Rood,Oranje-Rood D1,NL,assumed_nl,Default assumption after FIH/club/news enrichment pass,,Not individually verified; treat as assumed until club/FIH source confirms.
Charlotte Schrijvers,female,Oranje-Rood,Oranje-Rood D1,NL,assumed_nl,Default assumption after FIH/club/news enrichment pass,,Not individually verified; treat as assumed until club/FIH source confirms.
Bibi Donraadt,female,Oranje-Rood,Oranje-Rood D1,NL,assumed_nl,Default assumption after FIH/club/news enrichment pass,,Not individually verified; treat as assumed until club/FIH source confirms.
Babs van Hest,female,Oranje-Rood,Oranje-Rood D1,NL,assumed_nl,Default assumption after FIH/club/news enrichment pass,,Not individually verified; treat as assumed until club/FIH source confirms.
Lara Raaijmakers,female,Oranje-Rood,Oranje-Rood D1,NL,assumed_nl,Default assumption after FIH/club/news enrichment pass,,Not individually verified; treat as assumed until club/FIH source confirms.
Lisa Scheerlinck,female,Oranje-Rood,Oranje-Rood D1,BE,source_based,FIH/news/club-publication cross-check,https://tulphoofdklasse.com/en/news/van-tieners-tot-routiniers-alle-stats-uit-de-spelerslijsten-van-dit-seizoen,International or non-Dutch Hoofdklasse player; needs spot-check against direct profile if status=source_based
Tijmen Reyenga,male,Oranje-Rood,Oranje-Rood H1,NL,assumed_nl,Default assumption after FIH/club/news enrichment pass,,Not individually verified; treat as assumed until club/FIH source confirms.
Max de Bie,male,Oranje-Rood,Oranje-Rood H1,NL,assumed_nl,Default assumption after FIH/club/news enrichment pass,,Not individually verified; treat as assumed until club/FIH source confirms.
Gerard Clapes,male,Oranje-Rood,Oranje-Rood H1,ES,source_based,FIH/news/club-publication cross-check,https://tulphoofdklasse.com/nieuws/van-tieners-tot-routiniers-alle-stats-uit-de-spelerslijsten-van-dit-seizoen,International or non-Dutch Hoofdklasse player; needs spot-check against direct profile if status=source_based
Borja LaCalle,male,Oranje-Rood,Oranje-Rood H1,ES,source_based,FIH/news/club-publication cross-check,https://tulphoofdklasse.com/nieuws/van-tieners-tot-routiniers-alle-stats-uit-de-spelerslijsten-van-dit-seizoen,International or non-Dutch Hoofdklasse player; needs spot-check against direct profile if status=source_based
Struan Walker,male,Oranje-Rood,Oranje-Rood H1,GB,source_based,FIH/news/club-publication cross-check,https://tulphoofdklasse.com/nieuws/van-tieners-tot-routiniers-alle-stats-uit-de-spelerslijsten-van-dit-seizoen,International or non-Dutch Hoofdklasse player; needs spot-check against direct profile if status=source_based
Henrik Mertgens,male,Oranje-Rood,Oranje-Rood H1,DE,source_based,FIH/news/club-publication cross-check,https://tulphoofdklasse.com/nieuws/van-tieners-tot-routiniers-alle-stats-uit-de-spelerslijsten-van-dit-seizoen,International or non-Dutch Hoofdklasse player; needs spot-check against direct profile if status=source_based
Pol Cabre-Verdiell Badia,male,Oranje-Rood,Oranje-Rood H1,ES,source_based,FIH/news/club-publication cross-check,https://tulphoofdklasse.com/nieuws/van-tieners-tot-routiniers-alle-stats-uit-de-spelerslijsten-van-dit-seizoen,International or non-Dutch Hoofdklasse player; needs spot-check against direct profile if status=source_based
Florian Gosselink,male,Oranje-Rood,Oranje-Rood H1,NL,assumed_nl,Default assumption after FIH/club/news enrichment pass,,Not individually verified; treat as assumed until club/FIH source confirms.
Jacky van Hout,male,Oranje-Rood,Oranje-Rood H1,NL,assumed_nl,Default assumption after FIH/club/news enrichment pass,,Not individually verified; treat as assumed until club/FIH source confirms.
Sem de Roij,male,Oranje-Rood,Oranje-Rood H1,NL,assumed_nl,Default assumption after FIH/club/news enrichment pass,,Not individually verified; treat as assumed until club/FIH source confirms.
Boaz Houben,male,Oranje-Rood,Oranje-Rood H1,NL,assumed_nl,Default assumption after FIH/club/news enrichment pass,,Not individually verified; treat as assumed until club/FIH source confirms.
Gijs van Merriënboer,male,Oranje-Rood,Oranje-Rood H1,NL,assumed_nl,Default assumption after FIH/club/news enrichment pass,,Not individually verified; treat as assumed until club/FIH source confirms.
Thijs Bams,male,Oranje-Rood,Oranje-Rood H1,NL,assumed_nl,Default assumption after FIH/club/news enrichment pass,,Not individually verified; treat as assumed until club/FIH source confirms.
Isha Houben,male,Oranje-Rood,Oranje-Rood H1,NL,assumed_nl,Default assumption after FIH/club/news enrichment pass,,Not individually verified; treat as assumed until club/FIH source confirms.
Noud van Deijck,male,Oranje-Rood,Oranje-Rood H1,NL,assumed_nl,Default assumption after FIH/club/news enrichment pass,,Not individually verified; treat as assumed until club/FIH source confirms.
Niek van der Schoot,male,Oranje-Rood,Oranje-Rood H1,NL,assumed_nl,Default assumption after FIH/club/news enrichment pass,,Not individually verified; treat as assumed until club/FIH source confirms.
Tomas Santiago,male,Oranje-Rood,Oranje-Rood H1,AR,source_based,FIH/news/club-publication cross-check,https://tulphoofdklasse.com/nieuws/van-tieners-tot-routiniers-alle-stats-uit-de-spelerslijsten-van-dit-seizoen,International or non-Dutch Hoofdklasse player; needs spot-check against direct profile if status=source_based
Nieki Verbeek,male,Oranje-Rood,Oranje-Rood H1,NL,assumed_nl,Default assumption after FIH/club/news enrichment pass,,Not individually verified; treat as assumed until club/FIH source confirms.
Maria Steensma,female,Pinoké,Pinoké D1,NL,assumed_nl,Default assumption after FIH/club/news enrichment pass,,Not individually verified; treat as assumed until club/FIH source confirms.
Kiki Rozemeijer,female,Pinoké,Pinoké D1,NL,assumed_nl,Default assumption after FIH/club/news enrichment pass,,Not individually verified; treat as assumed until club/FIH source confirms.
Josephine Murray,female,Pinoké,Pinoké D1,IE,source_based,FIH/news/club-publication cross-check,https://tulphoofdklasse.com/en/news/van-tieners-tot-routiniers-alle-stats-uit-de-spelerslijsten-van-dit-seizoen,International or non-Dutch Hoofdklasse player; needs spot-check against direct profile if status=source_based
Pam van der Laan,female,Pinoké,Pinoké D1,NL,assumed_nl,Default assumption after FIH/club/news enrichment pass,,Not individually verified; treat as assumed until club/FIH source confirms.
Tessa Beetsma,female,Pinoké,Pinoké D1,NL,assumed_nl,Default assumption after FIH/club/news enrichment pass,,Not individually verified; treat as assumed until club/FIH source confirms.
Lana Kalse,female,Pinoké,Pinoké D1,NL,assumed_nl,Default assumption after FIH/club/news enrichment pass,,Not individually verified; treat as assumed until club/FIH source confirms.
Sam Luttmer,female,Pinoké,Pinoké D1,NL,assumed_nl,Default assumption after FIH/club/news enrichment pass,,Not individually verified; treat as assumed until club/FIH source confirms.
Marloes Timmermans,female,Pinoké,Pinoké D1,NL,assumed_nl,Default assumption after FIH/club/news enrichment pass,,Not individually verified; treat as assumed until club/FIH source confirms.
Bente Jager,female,Pinoké,Pinoké D1,NL,assumed_nl,Default assumption after FIH/club/news enrichment pass,,Not individually verified; treat as assumed until club/FIH source confirms.
Anouk Stam,female,Pinoké,Pinoké D1,NL,assumed_nl,Default assumption after FIH/club/news enrichment pass,,Not individually verified; treat as assumed until club/FIH source confirms.
Flo Klinkhamer,female,Pinoké,Pinoké D1,NL,assumed_nl,Default assumption after FIH/club/news enrichment pass,,Not individually verified; treat as assumed until club/FIH source confirms.
Amber Ezechiels,female,Pinoké,Pinoké D1,NL,assumed_nl,Default assumption after FIH/club/news enrichment pass,,Not individually verified; treat as assumed until club/FIH source confirms.
Nina van der Marel,female,Pinoké,Pinoké D1,NL,assumed_nl,Default assumption after FIH/club/news enrichment pass,,Not individually verified; treat as assumed until club/FIH source confirms.
Florine Rodenburg,female,Pinoké,Pinoké D1,NL,assumed_nl,Default assumption after FIH/club/news enrichment pass,,Not individually verified; treat as assumed until club/FIH source confirms.
Eliana Boekhoven,female,Pinoké,Pinoké D1,NL,assumed_nl,Default assumption after FIH/club/news enrichment pass,,Not individually verified; treat as assumed until club/FIH source confirms.
Juul Sauer,female,Pinoké,Pinoké D1,NL,assumed_nl,Default assumption after FIH/club/news enrichment pass,,Not individually verified; treat as assumed until club/FIH source confirms.
Anouk Slotema,female,Pinoké,Pinoké D1,NL,assumed_nl,Default assumption after FIH/club/news enrichment pass,,Not individually verified; treat as assumed until club/FIH source confirms.
Meeuw Tulp,female,Pinoké,Pinoké D1,NL,assumed_nl,Default assumption after FIH/club/news enrichment pass,,Not individually verified; treat as assumed until club/FIH source confirms.
Kiki Gunneman,female,Pinoké,Pinoké D1,NL,assumed_nl,Default assumption after FIH/club/news enrichment pass,,Not individually verified; treat as assumed until club/FIH source confirms.
Marit van Buul,female,Pinoké,Pinoké D1,NL,assumed_nl,Default assumption after FIH/club/news enrichment pass,,Not individually verified; treat as assumed until club/FIH source confirms.
Hidde Brink,male,Pinoké,Pinoké H1,NL,assumed_nl,Default assumption after FIH/club/news enrichment pass,,Not individually verified; treat as assumed until club/FIH source confirms.
Jacob Draper,male,Pinoké,Pinoké H1,GB,source_based,FIH/news/club-publication cross-check,https://tulphoofdklasse.com/nieuws/van-tieners-tot-routiniers-alle-stats-uit-de-spelerslijsten-van-dit-seizoen,International or non-Dutch Hoofdklasse player; needs spot-check against direct profile if status=source_based
Miles Bukkens,male,Pinoké,Pinoké H1,NL,assumed_nl,Default assumption after FIH/club/news enrichment pass,,Not individually verified; treat as assumed until club/FIH source confirms.
Daan Bonhof,male,Pinoké,Pinoké H1,NL,assumed_nl,Default assumption after FIH/club/news enrichment pass,,Not individually verified; treat as assumed until club/FIH source confirms.
Luca Wolff,male,Pinoké,Pinoké H1,DE,source_based,FIH/news/club-publication cross-check,https://tulphoofdklasse.com/nieuws/van-tieners-tot-routiniers-alle-stats-uit-de-spelerslijsten-van-dit-seizoen,International or non-Dutch Hoofdklasse player; needs spot-check against direct profile if status=source_based
Teo Hinrichs,male,Pinoké,Pinoké H1,DE,source_based,FIH/news/club-publication cross-check,https://tulphoofdklasse.com/nieuws/van-tieners-tot-routiniers-alle-stats-uit-de-spelerslijsten-van-dit-seizoen,International or non-Dutch Hoofdklasse player; needs spot-check against direct profile if status=source_based
Thies Prinz,male,Pinoké,Pinoké H1,DE,source_based,FIH/news/club-publication cross-check,https://tulphoofdklasse.com/nieuws/van-tieners-tot-routiniers-alle-stats-uit-de-spelerslijsten-van-dit-seizoen,International or non-Dutch Hoofdklasse player; needs spot-check against direct profile if status=source_based
Pieter Sutorius,male,Pinoké,Pinoké H1,NL,assumed_nl,Default assumption after FIH/club/news enrichment pass,,Not individually verified; treat as assumed until club/FIH source confirms.
Tim Knapper,male,Pinoké,Pinoké H1,NL,assumed_nl,Default assumption after FIH/club/news enrichment pass,,Not individually verified; treat as assumed until club/FIH source confirms.
Jannis van Hattum,male,Pinoké,Pinoké H1,NL,assumed_nl,Default assumption after FIH/club/news enrichment pass,,Not individually verified; treat as assumed until club/FIH source confirms.
Boris Aardenburg,male,Pinoké,Pinoké H1,NL,assumed_nl,Default assumption after FIH/club/news enrichment pass,,Not individually verified; treat as assumed until club/FIH source confirms.
Joep Troost,male,Pinoké,Pinoké H1,NL,assumed_nl,Default assumption after FIH/club/news enrichment pass,,Not individually verified; treat as assumed until club/FIH source confirms.
Texas Bukkens,male,Pinoké,Pinoké H1,NL,assumed_nl,Default assumption after FIH/club/news enrichment pass,,Not individually verified; treat as assumed until club/FIH source confirms.
Indra Aerts,male,Pinoké,Pinoké H1,NL,assumed_nl,Default assumption after FIH/club/news enrichment pass,,Not individually verified; treat as assumed until club/FIH source confirms.
Joppe Stappenbelt,male,Pinoké,Pinoké H1,NL,assumed_nl,Default assumption after FIH/club/news enrichment pass,,Not individually verified; treat as assumed until club/FIH source confirms.
Iwan Roukema,male,Pinoké,Pinoké H1,NL,assumed_nl,Default assumption after FIH/club/news enrichment pass,,Not individually verified; treat as assumed until club/FIH source confirms.
Pepijn van der Valk,male,Pinoké,Pinoké H1,NL,assumed_nl,Default assumption after FIH/club/news enrichment pass,,Not individually verified; treat as assumed until club/FIH source confirms.
Jimi Kummer,male,Pinoké,Pinoké H1,NL,assumed_nl,Default assumption after FIH/club/news enrichment pass,,Not individually verified; treat as assumed until club/FIH source confirms.
Gijs Somers,male,Pinoké,Pinoké H1,NL,assumed_nl,Default assumption after FIH/club/news enrichment pass,,Not individually verified; treat as assumed until club/FIH source confirms.
Ralph Grevenstuk,male,Pinoké,Pinoké H1,NL,assumed_nl,Default assumption after FIH/club/news enrichment pass,,Not individually verified; treat as assumed until club/FIH source confirms.
Emma van Santbrink,female,Rotterdam,Rotterdam D1,NL,assumed_nl,Default assumption after FIH/club/news enrichment pass,,Not individually verified; treat as assumed until club/FIH source confirms.
Myrthe van Kesteren,female,Rotterdam,Rotterdam D1,NL,assumed_nl,Default assumption after FIH/club/news enrichment pass,,Not individually verified; treat as assumed until club/FIH source confirms.
Brechtje van Santbrink,female,Rotterdam,Rotterdam D1,NL,assumed_nl,Default assumption after FIH/club/news enrichment pass,,Not individually verified; treat as assumed until club/FIH source confirms.
Caoimhe Perdue,female,Rotterdam,Rotterdam D1,IE,source_based,FIH/news/club-publication cross-check,https://tulphoofdklasse.com/en/news/van-tieners-tot-routiniers-alle-stats-uit-de-spelerslijsten-van-dit-seizoen,International or non-Dutch Hoofdklasse player; needs spot-check against direct profile if status=source_based
Merel Boekhorst,female,Rotterdam,Rotterdam D1,NL,assumed_nl,Default assumption after FIH/club/news enrichment pass,,Not individually verified; treat as assumed until club/FIH source confirms.
Amber van den Dijssel,female,Rotterdam,Rotterdam D1,NL,assumed_nl,Default assumption after FIH/club/news enrichment pass,,Not individually verified; treat as assumed until club/FIH source confirms.
Lieke Elsman,female,Rotterdam,Rotterdam D1,NL,assumed_nl,Default assumption after FIH/club/news enrichment pass,,Not individually verified; treat as assumed until club/FIH source confirms.
Julie van Dam,female,Rotterdam,Rotterdam D1,NL,assumed_nl,Default assumption after FIH/club/news enrichment pass,,Not individually verified; treat as assumed until club/FIH source confirms.
Noor Omrani,female,Rotterdam,Rotterdam D1,NL,assumed_nl,Default assumption after FIH/club/news enrichment pass,,Not individually verified; treat as assumed until club/FIH source confirms.
Daphne Koolhaas,female,Rotterdam,Rotterdam D1,NL,assumed_nl,Default assumption after FIH/club/news enrichment pass,,Not individually verified; treat as assumed until club/FIH source confirms.
Kirsten Zennemers,female,Rotterdam,Rotterdam D1,NL,assumed_nl,Default assumption after FIH/club/news enrichment pass,,Not individually verified; treat as assumed until club/FIH source confirms.
Iris Hollander,female,Rotterdam,Rotterdam D1,NL,assumed_nl,Default assumption after FIH/club/news enrichment pass,,Not individually verified; treat as assumed until club/FIH source confirms.
Melle Vaessen,female,Rotterdam,Rotterdam D1,NL,assumed_nl,Default assumption after FIH/club/news enrichment pass,,Not individually verified; treat as assumed until club/FIH source confirms.
Isis van der Kooij,female,Rotterdam,Rotterdam D1,NL,assumed_nl,Default assumption after FIH/club/news enrichment pass,,Not individually verified; treat as assumed until club/FIH source confirms.
Joy Haarman,female,Rotterdam,Rotterdam D1,NL,assumed_nl,Default assumption after FIH/club/news enrichment pass,,Not individually verified; treat as assumed until club/FIH source confirms.
Bobbi Dijk,female,Rotterdam,Rotterdam D1,NL,assumed_nl,Default assumption after FIH/club/news enrichment pass,,Not individually verified; treat as assumed until club/FIH source confirms.
Iris Langejans,female,Rotterdam,Rotterdam D1,NL,assumed_nl,Default assumption after FIH/club/news enrichment pass,,Not individually verified; treat as assumed until club/FIH source confirms.
Jaidy Greebe,female,Rotterdam,Rotterdam D1,NL,assumed_nl,Default assumption after FIH/club/news enrichment pass,,Not individually verified; treat as assumed until club/FIH source confirms.
Danique Lucieer,female,Rotterdam,Rotterdam D1,NL,assumed_nl,Default assumption after FIH/club/news enrichment pass,,Not individually verified; treat as assumed until club/FIH source confirms.
Olivia van der Knaap,female,Rotterdam,Rotterdam D1,NL,assumed_nl,Default assumption after FIH/club/news enrichment pass,,Not individually verified; treat as assumed until club/FIH source confirms.
Mascha Sterk,female,Rotterdam,Rotterdam D1,NL,assumed_nl,Default assumption after FIH/club/news enrichment pass,,Not individually verified; treat as assumed until club/FIH source confirms.
Derk Meijer,male,Rotterdam,Rotterdam H1,NL,assumed_nl,Default assumption after FIH/club/news enrichment pass,,Not individually verified; treat as assumed until club/FIH source confirms.
Pepijn van der Heijden,male,Rotterdam,Rotterdam H1,NL,assumed_nl,Default assumption after FIH/club/news enrichment pass,,Not individually verified; treat as assumed until club/FIH source confirms.
Justen Blok,male,Rotterdam,Rotterdam H1,NL,assumed_nl,Default assumption after FIH/club/news enrichment pass,,Not individually verified; treat as assumed until club/FIH source confirms.
Steijn van Heijningen,male,Rotterdam,Rotterdam H1,NL,assumed_nl,Default assumption after FIH/club/news enrichment pass,,Not individually verified; treat as assumed until club/FIH source confirms.
Olivier Hortensius,male,Rotterdam,Rotterdam H1,NL,assumed_nl,Default assumption after FIH/club/news enrichment pass,,Not individually verified; treat as assumed until club/FIH source confirms.
Lars Zijderveld,male,Rotterdam,Rotterdam H1,NL,assumed_nl,Default assumption after FIH/club/news enrichment pass,,Not individually verified; treat as assumed until club/FIH source confirms.
Lucas van Tetering,male,Rotterdam,Rotterdam H1,NL,assumed_nl,Default assumption after FIH/club/news enrichment pass,,Not individually verified; treat as assumed until club/FIH source confirms.
Vincent Langenhuijsen,male,Rotterdam,Rotterdam H1,NL,assumed_nl,Default assumption after FIH/club/news enrichment pass,,Not individually verified; treat as assumed until club/FIH source confirms.
Bouwe Buitenhuis,male,Rotterdam,Rotterdam H1,NL,assumed_nl,Default assumption after FIH/club/news enrichment pass,,Not individually verified; treat as assumed until club/FIH source confirms.
Dylan Lucieer,male,Rotterdam,Rotterdam H1,NL,assumed_nl,Default assumption after FIH/club/news enrichment pass,,Not individually verified; treat as assumed until club/FIH source confirms.
Timme van der Heijden,male,Rotterdam,Rotterdam H1,NL,assumed_nl,Default assumption after FIH/club/news enrichment pass,,Not individually verified; treat as assumed until club/FIH source confirms.
Nick van Trigt,male,Rotterdam,Rotterdam H1,NL,assumed_nl,Default assumption after FIH/club/news enrichment pass,,Not individually verified; treat as assumed until club/FIH source confirms.
Jesse Steenhoff,male,Rotterdam,Rotterdam H1,NL,assumed_nl,Default assumption after FIH/club/news enrichment pass,,Not individually verified; treat as assumed until club/FIH source confirms.
Matthijs van der Wielen,male,Rotterdam,Rotterdam H1,NL,assumed_nl,Default assumption after FIH/club/news enrichment pass,,Not individually verified; treat as assumed until club/FIH source confirms.
Guus Jansen,male,Rotterdam,Rotterdam H1,NL,assumed_nl,Default assumption after FIH/club/news enrichment pass,,Not individually verified; treat as assumed until club/FIH source confirms.
Menno Boeren,male,Rotterdam,Rotterdam H1,NL,assumed_nl,Default assumption after FIH/club/news enrichment pass,,Not individually verified; treat as assumed until club/FIH source confirms.
Jeroen Hertzberger,male,Rotterdam,Rotterdam H1,NL,assumed_nl,Default assumption after FIH/club/news enrichment pass,,Not individually verified; treat as assumed until club/FIH source confirms.
Pepijn Leenhouts,male,Schaerweijde,Schaerweijde H1,NL,assumed_nl,Default assumption after FIH/club/news enrichment pass,,Not individually verified; treat as assumed until club/FIH source confirms.
Jelle Westendorp,male,Schaerweijde,Schaerweijde H1,NL,assumed_nl,Default assumption after FIH/club/news enrichment pass,,Not individually verified; treat as assumed until club/FIH source confirms.
Joost van Eijck,male,Schaerweijde,Schaerweijde H1,NL,assumed_nl,Default assumption after FIH/club/news enrichment pass,,Not individually verified; treat as assumed until club/FIH source confirms.
Peppe Veen,male,Schaerweijde,Schaerweijde H1,NL,assumed_nl,Default assumption after FIH/club/news enrichment pass,,Not individually verified; treat as assumed until club/FIH source confirms.
Stijn Draaijer,male,Schaerweijde,Schaerweijde H1,NL,assumed_nl,Default assumption after FIH/club/news enrichment pass,,Not individually verified; treat as assumed until club/FIH source confirms.
Lode Draaijer,male,Schaerweijde,Schaerweijde H1,NL,assumed_nl,Default assumption after FIH/club/news enrichment pass,,Not individually verified; treat as assumed until club/FIH source confirms.
Mick Bosse,male,Schaerweijde,Schaerweijde H1,NL,assumed_nl,Default assumption after FIH/club/news enrichment pass,,Not individually verified; treat as assumed until club/FIH source confirms.
Maarten Bruisten,male,Schaerweijde,Schaerweijde H1,NL,assumed_nl,Default assumption after FIH/club/news enrichment pass,,Not individually verified; treat as assumed until club/FIH source confirms.
Daan Troost,male,Schaerweijde,Schaerweijde H1,NL,assumed_nl,Default assumption after FIH/club/news enrichment pass,,Not individually verified; treat as assumed until club/FIH source confirms.
Tijs van Horn,male,Schaerweijde,Schaerweijde H1,NL,assumed_nl,Default assumption after FIH/club/news enrichment pass,,Not individually verified; treat as assumed until club/FIH source confirms.
Juup Veen,male,Schaerweijde,Schaerweijde H1,NL,assumed_nl,Default assumption after FIH/club/news enrichment pass,,Not individually verified; treat as assumed until club/FIH source confirms.
Jaap Solleveld,male,Schaerweijde,Schaerweijde H1,NL,assumed_nl,Default assumption after FIH/club/news enrichment pass,,Not individually verified; treat as assumed until club/FIH source confirms.
Graeme Scott,male,Schaerweijde,Schaerweijde H1,GB,source_based,FIH/news/club-publication cross-check,https://tulphoofdklasse.com/nieuws/van-tieners-tot-routiniers-alle-stats-uit-de-spelerslijsten-van-dit-seizoen,International or non-Dutch Hoofdklasse player; needs spot-check against direct profile if status=source_based
Niels de Joode,male,Schaerweijde,Schaerweijde H1,NL,assumed_nl,Default assumption after FIH/club/news enrichment pass,,Not individually verified; treat as assumed until club/FIH source confirms.
Jens Hagen,male,Schaerweijde,Schaerweijde H1,NL,assumed_nl,Default assumption after FIH/club/news enrichment pass,,Not individually verified; treat as assumed until club/FIH source confirms.
Michiel Moret,male,Schaerweijde,Schaerweijde H1,NL,assumed_nl,Default assumption after FIH/club/news enrichment pass,,Not individually verified; treat as assumed until club/FIH source confirms.
Teun van Aalderen,male,Schaerweijde,Schaerweijde H1,NL,assumed_nl,Default assumption after FIH/club/news enrichment pass,,Not individually verified; treat as assumed until club/FIH source confirms.
Thibaut Mordac,male,Schaerweijde,Schaerweijde H1,BE,source_based,FIH/news/club-publication cross-check,https://tulphoofdklasse.com/nieuws/van-tieners-tot-routiniers-alle-stats-uit-de-spelerslijsten-van-dit-seizoen,International or non-Dutch Hoofdklasse player; needs spot-check against direct profile if status=source_based
Derk Moret,male,Schaerweijde,Schaerweijde H1,NL,assumed_nl,Default assumption after FIH/club/news enrichment pass,,Not individually verified; treat as assumed until club/FIH source confirms.
Tom Vermeulen,male,Schaerweijde,Schaerweijde H1,NL,assumed_nl,Default assumption after FIH/club/news enrichment pass,,Not individually verified; treat as assumed until club/FIH source confirms.
Mahinder Terlouw,male,Schaerweijde,Schaerweijde H1,NL,assumed_nl,Default assumption after FIH/club/news enrichment pass,,Not individually verified; treat as assumed until club/FIH source confirms.
Guus van Holten,male,Schaerweijde,Schaerweijde H1,NL,assumed_nl,Default assumption after FIH/club/news enrichment pass,,Not individually verified; treat as assumed until club/FIH source confirms.
Mette Winter,female,SCHC,SCHC D1,NL,assumed_nl,Default assumption after FIH/club/news enrichment pass,,Not individually verified; treat as assumed until club/FIH source confirms.
Maud van den Heuvel,female,SCHC,SCHC D1,NL,assumed_nl,Default assumption after FIH/club/news enrichment pass,,Not individually verified; treat as assumed until club/FIH source confirms.
Jip Dicke,female,SCHC,SCHC D1,NL,assumed_nl,Default assumption after FIH/club/news enrichment pass,,Not individually verified; treat as assumed until club/FIH source confirms.
Marsha Zwezereijn,female,SCHC,SCHC D1,NL,assumed_nl,Default assumption after FIH/club/news enrichment pass,,Not individually verified; treat as assumed until club/FIH source confirms.
Rifka Bakker,female,SCHC,SCHC D1,NL,assumed_nl,Default assumption after FIH/club/news enrichment pass,,Not individually verified; treat as assumed until club/FIH source confirms.
Naomi Brunsveld,female,SCHC,SCHC D1,NL,assumed_nl,Default assumption after FIH/club/news enrichment pass,,Not individually verified; treat as assumed until club/FIH source confirms.
Isa van Heerde,female,SCHC,SCHC D1,NL,assumed_nl,Default assumption after FIH/club/news enrichment pass,,Not individually verified; treat as assumed until club/FIH source confirms.
Elzemiek Zandee,female,SCHC,SCHC D1,NL,assumed_nl,Default assumption after FIH/club/news enrichment pass,,Not individually verified; treat as assumed until club/FIH source confirms.
Elodie Picard,female,SCHC,SCHC D1,FR,source_based,FIH/news/club-publication cross-check,https://tulphoofdklasse.com/en/news/van-tieners-tot-routiniers-alle-stats-uit-de-spelerslijsten-van-dit-seizoen,International or non-Dutch Hoofdklasse player; needs spot-check against direct profile if status=source_based
Noa Boterman,female,SCHC,SCHC D1,NL,assumed_nl,Default assumption after FIH/club/news enrichment pass,,Not individually verified; treat as assumed until club/FIH source confirms.
Mariette Boot,female,SCHC,SCHC D1,NL,assumed_nl,Default assumption after FIH/club/news enrichment pass,,Not individually verified; treat as assumed until club/FIH source confirms.
Anna de Geus,female,SCHC,SCHC D1,NL,assumed_nl,Default assumption after FIH/club/news enrichment pass,,Not individually verified; treat as assumed until club/FIH source confirms.
Famke Richardson,female,SCHC,SCHC D1,NL,assumed_nl,Default assumption after FIH/club/news enrichment pass,,Not individually verified; treat as assumed until club/FIH source confirms.
Floortje Middelbos,female,SCHC,SCHC D1,NL,assumed_nl,Default assumption after FIH/club/news enrichment pass,,Not individually verified; treat as assumed until club/FIH source confirms.
Nanieck Mengelberg,female,SCHC,SCHC D1,NL,assumed_nl,Default assumption after FIH/club/news enrichment pass,,Not individually verified; treat as assumed until club/FIH source confirms.
Mikki Roberts,female,Tilburg,Tilburg D1,GB,source_based,FIH/news/club-publication cross-check,https://tulphoofdklasse.com/en/news/van-tieners-tot-routiniers-alle-stats-uit-de-spelerslijsten-van-dit-seizoen,International or non-Dutch Hoofdklasse player; needs spot-check against direct profile if status=source_based
Hannah Salden,female,Tilburg,Tilburg D1,NL,assumed_nl,Default assumption after FIH/club/news enrichment pass,,Not individually verified; treat as assumed until club/FIH source confirms.
Daphne Nikkels,female,Tilburg,Tilburg D1,NL,assumed_nl,Default assumption after FIH/club/news enrichment pass,,Not individually verified; treat as assumed until club/FIH source confirms.
Iris Dominicus,female,Tilburg,Tilburg D1,NL,assumed_nl,Default assumption after FIH/club/news enrichment pass,,Not individually verified; treat as assumed until club/FIH source confirms.
Carmen Victoria,female,Tilburg,Tilburg D1,ES,source_based,FIH/news/club-publication cross-check,https://tulphoofdklasse.com/en/news/van-tieners-tot-routiniers-alle-stats-uit-de-spelerslijsten-van-dit-seizoen,International or non-Dutch Hoofdklasse player; needs spot-check against direct profile if status=source_based
Lotte de Heer,female,Tilburg,Tilburg D1,NL,assumed_nl,Default assumption after FIH/club/news enrichment pass,,Not individually verified; treat as assumed until club/FIH source confirms.
Sanne Koks,female,Tilburg,Tilburg D1,NL,assumed_nl,Default assumption after FIH/club/news enrichment pass,,Not individually verified; treat as assumed until club/FIH source confirms.
Merel Tukkers,female,Tilburg,Tilburg D1,NL,assumed_nl,Default assumption after FIH/club/news enrichment pass,,Not individually verified; treat as assumed until club/FIH source confirms.
Ingeborg Dijkstra,female,Tilburg,Tilburg D1,NL,assumed_nl,Default assumption after FIH/club/news enrichment pass,,Not individually verified; treat as assumed until club/FIH source confirms.
Pleun Wester,female,Tilburg,Tilburg D1,NL,assumed_nl,Default assumption after FIH/club/news enrichment pass,,Not individually verified; treat as assumed until club/FIH source confirms.
Roos Ezendam,female,Tilburg,Tilburg D1,NL,assumed_nl,Default assumption after FIH/club/news enrichment pass,,Not individually verified; treat as assumed until club/FIH source confirms.
Eef Hoyinck,female,Tilburg,Tilburg D1,NL,assumed_nl,Default assumption after FIH/club/news enrichment pass,,Not individually verified; treat as assumed until club/FIH source confirms.
Mijs Berkhemer,female,Tilburg,Tilburg D1,NL,assumed_nl,Default assumption after FIH/club/news enrichment pass,,Not individually verified; treat as assumed until club/FIH source confirms.
Carolin Hoffmann,female,Tilburg,Tilburg D1,DE,source_based,FIH/news/club-publication cross-check,https://tulphoofdklasse.com/en/news/van-tieners-tot-routiniers-alle-stats-uit-de-spelerslijsten-van-dit-seizoen,International or non-Dutch Hoofdklasse player; needs spot-check against direct profile if status=source_based
Floor de Bruin,female,Tilburg,Tilburg D1,NL,assumed_nl,Default assumption after FIH/club/news enrichment pass,,Not individually verified; treat as assumed until club/FIH source confirms.
Precious Oud,female,Tilburg,Tilburg D1,ZA,source_based,FIH/news/club-publication cross-check,https://tulphoofdklasse.com/en/news/van-tieners-tot-routiniers-alle-stats-uit-de-spelerslijsten-van-dit-seizoen,International or non-Dutch Hoofdklasse player; needs spot-check against direct profile if status=source_based
Merlijn Roodenburg,female,Tilburg,Tilburg D1,NL,assumed_nl,Default assumption after FIH/club/news enrichment pass,,Not individually verified; treat as assumed until club/FIH source confirms.
Emmely Bekker,female,Tilburg,Tilburg D1,NL,assumed_nl,Default assumption after FIH/club/news enrichment pass,,Not individually verified; treat as assumed until club/FIH source confirms.
Emma Staats,female,Tilburg,Tilburg D1,NL,assumed_nl,Default assumption after FIH/club/news enrichment pass,,Not individually verified; treat as assumed until club/FIH source confirms.
Lieke Leeggangers,female,Tilburg,Tilburg D1,NL,assumed_nl,Default assumption after FIH/club/news enrichment pass,,Not individually verified; treat as assumed until club/FIH source confirms.
Lieke Van otten,female,Tilburg,Tilburg D1,NL,assumed_nl,Default assumption after FIH/club/news enrichment pass,,Not individually verified; treat as assumed until club/FIH source confirms.
Sophie van de Velde,female,Tilburg,Tilburg D1,NL,assumed_nl,Default assumption after FIH/club/news enrichment pass,,Not individually verified; treat as assumed until club/FIH source confirms.
